id_global,fuente,id_fuente,numero_acceso,institucion,url_objeto,url_imagen,url_imagen_miniatura,ruta_imagen_local,titulo_original,titulo_es_sugerido,descripcion,cultura,periodo,fecha_objeto,procedencia,departamento,clasificacion_original,nombre_objeto_original,tipo_objeto,tipo_superficie,material,material_normalizado,tecnica,dimensiones,motivos,familia_iconografica,motivo_principal,decision_curacion_final,motivo_curacion_final,decision_auditoria,motivo_auditoria,observacion_auditoria,categoria_revision,origen_curacion,estado_licencia,licencia_fuente,derechos_reproduccion,estado_metadatos,estado_anotacion,estado_imagen,observaciones,grupo_imagen_duplicada,imagen_sha256,imagen_dhash,imagen_ancho,imagen_alto,terminos_andinos,terminos_textiles,consulta_origen,archivo_origen,fecha_descarga_metadatos
MET:307449,MET,307449,,The Metropolitan Museum of Art,https://www.metmuseum.org/art/collection/search/307449,https://images.metmuseum.org/CRDImages/ao/original/50407.jpg,https://images.metmuseum.org/CRDImages/ao/web-large/50407.jpg,data/images/met/307449.jpg,Bag,Bolsa textil,Título oficial: Bag. Cultura registrada: Inca. Fecha del objeto: 15th–16th century. Material registrado: Cotton. Clasificación museográfica: Textiles-Woven. Dimensiones: H. 25 in. × W. 23 1/2 in. (63.5 × 59.7 cm).,Inca,,15th–16th century,Peru,The Michael C. Rockefeller Wing,Textiles-Woven,Bag,bolso_textil,superficie_amplia,Cotton,algodón,tejido,H. 25 in. × W. 23 1/2 in. (63.5 × 59.7 cm),,,,principal,superficie amplia o composición visual útil detectada: ['bag'],mantener,,,,corpus_principal_preliminar,dominio_publico,isPublicDomain=True,,completo,sin_anotar,util,,,71df166b6ab3a905971a0c924cffd9b078b7f3ed2d5fbdb58341c3fb563d492d,acbc8c8c9c949c8e,450,625,,,Inca textile,data/metadata/met_corpus_principal_v2_revisado.csv,2026-06-15
MET:307677,MET,307677,,The Metropolitan Museum of Art,https://www.metmuseum.org/art/collection/search/307677,https://images.metmuseum.org/CRDImages/ao/original/DP18485.jpg,https://images.metmuseum.org/CRDImages/ao/web-large/DP18485.jpg,data/images/met/307677.jpg,Embroidered Mantle Fragment,Manto textil,,Paracas,,5th–2nd century BCE,Peru,The Michael C. Rockefeller Wing,Textiles-Woven,Mantle fragment,,,Camelid hair,,,"Overall: 4 1/2 x 5 1/2 in. (11.43 x 13.97 cm)
Other: 4 1/2 in. (11.43 cm)",,,,principal,superficie_textil_util,mantener,,,candidato_corpus_principal,auditoria_aceptados_no_piloto,dominio_publico,isPublicDomain=True,,parcial,sin_anotar,util,,,3765669c2cba06a53d6321b28e0644dc77012abcb5cc65b21c9c805cb736e65f,677331157b353559,489,625,,,Paracas textile,data/metadata/met_corpus_principal_v2_revisado.csv,2026-06-15
MET:307679,MET,307679,,The Metropolitan Museum of Art,https://www.metmuseum.org/art/collection/search/307679,https://images.metmuseum.org/CRDImages/ao/original/DP18487.jpg,https://images.metmuseum.org/CRDImages/ao/web-large/DP18487.jpg,data/images/met/307679.jpg,Embroidered Mantle Fragment,Manto textil,,Paracas,,5th–2nd century BCE,Peru,The Michael C. Rockefeller Wing,Textiles-Woven,Mantle fragment,,,Camelid hair,,,"Overall: 4 1/4 x 5 in. (10.8 x 12.7 cm)
Other: 4 1/4 in. (10.8 cm)",,,,principal,superficie_textil_util,mantener,,,candidato_corpus_principal,auditoria_aceptados_no_piloto,dominio_publico,isPublicDomain=True,,parcial,sin_anotar,util,,,ee2129b49ee7440775ff5062e32fe3a705e3e8b4dbfaab76b9f65e4fd025f2e1,395a4b650d352509,489,625,,,Paracas textile,data/metadata/met_corpus_principal_v2_revisado.csv,2026-06-15
MET:307682,MET,307682,,The Metropolitan Museum of Art,https://www.metmuseum.org/art/collection/search/307682,https://images.metmuseum.org/CRDImages/ao/original/DP170923.jpg,https://images.metmuseum.org/CRDImages/ao/web-large/DP170923.jpg,data/images/met/307682.jpg,Embroidered Border Fragment,Fragmento textil,,Paracas,,5th–2nd century BCE,Peru,The Michael C. Rockefeller Wing,Textiles-Woven,Fragment,,,Camelid hair,,,"Overall: 11 x 65 in. (27.94 x 165.1 cm)
Other: 11 in. (27.94 cm)",,,,principal,fragmento_textil_util,mantener,,,candidato_corpus_principal,auditoria_aceptados_no_piloto,dominio_publico,isPublicDomain=True,,parcial,sin_anotar,util,,,74ac256fd7ace2e3cb02efbb90a7ac958d6e676c73608f295271a483fe63ba1d,f0e4e0f8e6eafae6,130,623,,,Paracas textile,data/metadata/met_corpus_principal_v2_revisado.csv,2026-06-15
MET:307683,MET,307683,,The Metropolitan Museum of Art,https://www.metmuseum.org/art/collection/search/307683,https://images.metmuseum.org/CRDImages/ao/original/33.149.76-94.jpg,https://images.metmuseum.org/CRDImages/ao/web-large/33.149.76-94.jpg,data/images/met/307683.jpg,Embroidered Mantle Fragment,Manto textil,,Paracas,,5th–2nd century BCE,Peru,The Michael C. Rockefeller Wing,Textiles-Woven,Mantle fragment,,,Camelid hair,,,"Overall: 12 1/2 x 31 in. (31.75 x 78.74 cm)
Other: 12 1/2 in. (31.75 cm)",,,,principal,superficie_textil_util,mantener,,,candidato_corpus_principal,auditoria_aceptados_no_piloto,dominio_publico,isPublicDomain=True,,parcial,sin_anotar,util,,,395b71392c963c299a8db4e6b236c739ca70403bc46f6927777651d00a29bcd3,0bcaacbc4a9e8307,600,450,,,Paracas textile,data/metadata/met_corpus_principal_v2_revisado.csv,2026-06-15
MET:307806,MET,307806,,The Metropolitan Museum of Art,https://www.metmuseum.org/art/collection/search/307806,https://images.metmuseum.org/CRDImages/ao/original/vs09_50_1085.jpg,https://images.metmuseum.org/CRDImages/ao/web-large/vs09_50_1085.jpg,data/images/met/307806.jpg,Tapestry Border Fragment with Tab Fringes,Fragmento textil,,Chancay,,12th–14th century,Peru,The Michael C. Rockefeller Wing,Textiles-Woven,Border fragment,,,"Camelid hair, cotton",,,"Overall: 11 3/4 x 11 in. (29.85 x 27.94 cm)
Other: 11 3/4 in. (29.85 cm)",,,,principal,fragmento_textil_util,mantener,,,candidato_corpus_principal,auditoria_aceptados_no_piloto,dominio_publico,isPublicDomain=True,,parcial,sin_anotar,util,,,e122dad5fda63962bc0af30d8e92d67f69f5fb37a7b88c14c5988dc0cf89d49d,c8c4a49088c4e464,600,584,,,Chancay textile,data/metadata/met_corpus_principal_v2_revisado.csv,2026-06-15
MET:307836,MET,307836,,The Metropolitan Museum of Art,https://www.metmuseum.org/art/collection/search/307836,https://images.metmuseum.org/CRDImages/ao/original/DP101287.jpg,https://images.metmuseum.org/CRDImages/ao/web-large/DP101287.jpg,data/images/met/307836.jpg,Bag,Bolsa textil,"Título oficial: Bag. Cultura registrada: Peruvian. Fecha del objeto: 19th century. Material registrado: Camelid hair. Clasificación museográfica: Textiles-Woven. Dimensiones: Overall: 4 1/2 x 10 5/8 in. (11.43 x 26.99 cm)
Other: 4 1/2 in. (11.43 cm).",Peruvian,,19th century,Peru,The Michael C. Rockefeller Wing,Textiles-Woven,Bag,bolso_textil,superficie_amplia,Camelid hair,fibra de camélido,tejido,"Overall: 4 1/2 x 10 5/8 in. (11.43 x 26.99 cm)
Other: 4 1/2 in. (11.43 cm)",,,,principal,superficie amplia o composición visual útil detectada: ['bag'],mantener,,,,corpus_principal_preliminar,dominio_publico,isPublicDomain=True,,completo,sin_anotar,util,,,f2b061dae67f80cfd09d53041dc34d502a6144c1a1e3a55a93bd5647fbbe5b18,8cc8f0f2dadacac4,600,574,,,Peruvian textile,data/metadata/met_corpus_principal_v2_revisado.csv,2026-06-15
MET:307841,MET,307841,,The Metropolitan Museum of Art,https://www.metmuseum.org/art/collection/search/307841,https://images.metmuseum.org/CRDImages/ao/original/DP18589.jpg,https://images.metmuseum.org/CRDImages/ao/web-large/DP18589.jpg,data/images/met/307841.jpg,Fringed Bag,Bolsa textil,,Nasca,,7th century,Peru,The Michael C. Rockefeller Wing,Textiles-Woven,Bag,,,Camelid hair,,,W. 5 3/4 x L. 14 3/8 in. (14.61 x 36.51 cm),,,,principal,superficie_textil_util,mantener,,,candidato_corpus_principal,auditoria_aceptados_no_piloto,dominio_publico,isPublicDomain=True,,parcial,sin_anotar,util,,,e893160e08df1362a1ec7c6285b2b659326e35e94a924a599c655e5fd650eaa0,ecae9a8ae6b6d4f0,280,625,,,Nasca textile,data/metadata/met_corpus_principal_v2_revisado.csv,2026-06-15
MET:307842,MET,307842,,The Metropolitan Museum of Art,https://www.metmuseum.org/art/collection/search/307842,https://images.metmuseum.org/CRDImages/ao/original/DP18689.jpg,https://images.metmuseum.org/CRDImages/ao/web-large/DP18689.jpg,data/images/met/307842.jpg,Bag,Bolsa textil,"Título oficial: Bag. Cultura registrada: Peruvian. Fecha del objeto: 10th–15th century. Material registrado: Camelid hair. Clasificación museográfica: Textiles-Woven. Dimensiones: Overall: 4 1/8 x 10 1/8 in. (10.46 x 25.72 cm)
Other: 4 1/8 in. (10.46 cm).",Peruvian,,10th–15th century,Peru,The Michael C. Rockefeller Wing,Textiles-Woven,Bag,bolso_textil,superficie_amplia,Camelid hair,fibra de camélido,tejido,"Overall: 4 1/8 x 10 1/8 in. (10.46 x 25.72 cm)
Other: 4 1/8 in. (10.46 cm)",,,,principal,superficie amplia o composición visual útil detectada: ['bag'],mantener,,,,corpus_principal_preliminar,dominio_publico,isPublicDomain=True,,completo,sin_anotar,util,,,fe901eee0744084b7c91e46f2624fb9540980ae3559bdfc857978bed71baf60a,a7a69ac8d0d49490,299,625,,,Peruvian textile,data/metadata/met_corpus_principal_v2_revisado.csv,2026-06-15
MET:307843,MET,307843,,The Metropolitan Museum of Art,https://www.metmuseum.org/art/collection/search/307843,https://images.metmuseum.org/CRDImages/ao/original/DP18590.jpg,https://images.metmuseum.org/CRDImages/ao/web-large/DP18590.jpg,data/images/met/307843.jpg,Tapestry Bag with Fringes,Bolsa textil,,Nasca,,8th–9th century,Peru,The Michael C. Rockefeller Wing,Textiles-Woven,Bag,,,Camelid hair,,,"Overall: 5 1/2 x 9 7/8 in. (13.97 x 25.08 cm)
Other: 5 1/2 in. (13.97 cm)",,,,principal,superficie_textil_util,mantener,,,candidato_corpus_principal,auditoria_aceptados_no_piloto,dominio_publico,isPublicDomain=True,,parcial,sin_anotar,util,,,df0405cd22b67798cb6ee9e1ecd780a4321a49b97959b150b0b0c95a4b234091,b4eaaaa8e8e8d4d8,405,625,,,Nasca textile,data/metadata/met_corpus_principal_v2_revisado.csv,2026-06-15
MET:307844,MET,307844,,The Metropolitan Museum of Art,https://www.metmuseum.org/art/collection/search/307844,https://images.metmuseum.org/CRDImages/ao/original/DP18605.jpg,https://images.metmuseum.org/CRDImages/ao/web-large/DP18605.jpg,data/images/met/307844.jpg,Fringed Bag,Bolsa textil,,Nasca,,7th century,Peru,The Michael C. Rockefeller Wing,Textiles-Woven,Bag,,,Camelid hair,,,"Overall: 5 3/4 x 9 1/4 in. (14.61 x 23.5 cm)
Other: 5 3/4 in. (14.61 cm)",,,,principal,superficie_textil_util,mantener,,,candidato_corpus_principal,auditoria_aceptados_no_piloto,dominio_publico,isPublicDomain=True,,parcial,sin_anotar,util,,,16906874c95ea0302f04a927ba9654cb130daaf93436aee0fcd79fba2c719199,aab2d4d4f4ccdcf8,435,625,,,Nasca textile,data/metadata/met_corpus_principal_v2_revisado.csv,2026-06-15
MET:307846,MET,307846,,The Metropolitan Museum of Art,https://www.metmuseum.org/art/collection/search/307846,https://images.metmuseum.org/CRDImages/ao/original/88392.jpg,https://images.metmuseum.org/CRDImages/ao/web-large/88392.jpg,data/images/met/307846.jpg,Panel with Birds,Panel textil,"Título oficial: Panel with Birds. Cultura registrada: Inca. Fecha del objeto: 15th–16th century. Material registrado: Camelid hair. Clasificación museográfica: Textiles-Woven. Dimensiones: Overall: 16 1/2 x 37 in. (41.91 x 93.98 cm)
Other: 16 1/2 in. (41.91 cm).",Inca,,15th–16th century,Peru,The Michael C. Rockefeller Wing,Textiles-Woven,Panel,panel_textil,superficie_amplia,Camelid hair,fibra de camélido,tejido,"Overall: 16 1/2 x 37 in. (41.91 x 93.98 cm)
Other: 16 1/2 in. (41.91 cm)",,,,principal,superficie amplia o composición visual útil detectada: ['panel'],mantener,,,,corpus_principal_preliminar,dominio_publico,isPublicDomain=True,,completo,sin_anotar,util,,,44468a89abe55652ff7c829dd9690f40a6b3bb2200aa0c137d70c71d8f3a61d2,80a6a2a2b2baca8a,599,558,,,Inca textile,data/metadata/met_corpus_principal_v2_revisado.csv,2026-06-15
MET:307851,MET,307851,,The Metropolitan Museum of Art,https://www.metmuseum.org/art/collection/search/307851,https://images.metmuseum.org/CRDImages/ao/original/DP18456.jpg,https://images.metmuseum.org/CRDImages/ao/web-large/DP18456.jpg,data/images/met/307851.jpg,Embroidered Mantle Fragment,Manto textil,,Paracas,,3rd–2nd century BCE,Peru,The Michael C. Rockefeller Wing,Textiles-Woven,Mantle fragment,,,Camelid hair,,,"Overall: 3 1/4 x 3 3/4 in. (8.26 x 9.53 cm)
Other: 3 1/4 in. (8.26 cm)",,,,principal,superficie_textil_util,mantener,,,candidato_corpus_principal,auditoria_aceptados_no_piloto,dominio_publico,isPublicDomain=True,,parcial,sin_anotar,util,,,fde0924e7faedd4423c98a7a23026ce1bdf912b46492e3363a74d9686368b355,a646271b134303a3,490,625,,,Paracas textile,data/metadata/met_corpus_principal_v2_revisado.csv,2026-06-15
MET:307852,MET,307852,,The Metropolitan Museum of Art,https://www.metmuseum.org/art/collection/search/307852,https://images.metmuseum.org/CRDImages/ao/original/DP18481.jpg,https://images.metmuseum.org/CRDImages/ao/web-large/DP18481.jpg,data/images/met/307852.jpg,Embroidered Mantle Fragment,Manto textil,,Paracas,,5th–2nd century BCE,Peru,The Michael C. Rockefeller Wing,Textiles-Woven,Mantle fragment,,,Camelid hair,,,"Overall: 4 1/2 x 5 1/4 in. (11.43 x 13.34 cm)
Other: 4 1/2 in. (11.43 cm)",,,,principal,superficie_textil_util,mantener,,,candidato_corpus_principal,auditoria_aceptados_no_piloto,dominio_publico,isPublicDomain=True,,parcial,sin_anotar,util,,,1cc53a7d9ac3f0f9f92588b8a482b29f72f95f2c8cdb62ffcd0a62d457f743e9,48d4b44a054a5269,496,624,,,Paracas textile,data/metadata/met_corpus_principal_v2_revisado.csv,2026-06-15
MET:307853,MET,307853,,The Metropolitan Museum of Art,https://www.metmuseum.org/art/collection/search/307853,https://images.metmuseum.org/CRDImages/ao/original/DP18565.jpg,https://images.metmuseum.org/CRDImages/ao/web-large/DP18565.jpg,data/images/met/307853.jpg,Embroidered Fragment,Fragmento textil,,Paracas,,5th–2nd century BCE,Peru,The Michael C. Rockefeller Wing,Textiles-Woven,Textile fragment,,,Camelid hair,,,"Overall: 4 1/2 x 3 3/8 in. (11.43 x 8.57 cm)
Other: 4 1/2 in. (11.43 cm)",,,,principal,fragmento_textil_util,mantener,,,candidato_corpus_principal,auditoria_aceptados_no_piloto,dominio_publico,isPublicDomain=True,,parcial,sin_anotar,util,,,94607444e5b78bc0145f2dba82c304e27ab31eef1b9740039b49f7c5a81ee4f9,e0c084c8c8e492c2,599,461,,,Paracas textile,data/metadata/met_corpus_principal_v2_revisado.csv,2026-06-15
MET:307933,MET,307933,,The Metropolitan Museum of Art,https://www.metmuseum.org/art/collection/search/307933,https://images.metmuseum.org/CRDImages/ao/original/LC-28_64_27_TMSa.jpg,https://images.metmuseum.org/CRDImages/ao/web-large/LC-28_64_27_TMSa.jpg,data/images/met/307933.jpg,Tapestry Fragment with Figures,Fragmento textil,,Nasca (?),,10th–15th century,Peru,The Michael C. Rockefeller Wing,Textiles-Woven,Textile fragment,,,"Camelid hair, cotton",,,"Overall: 3 3/8 x 4 3/4 in. (8.59 x 12.07 cm)
Other: 3 3/8 in. (8.59 cm)",,,,principal,fragmento_textil_util,mantener,,,candidato_corpus_principal,auditoria_aceptados_no_piloto,dominio_publico,isPublicDomain=True,,parcial,sin_anotar,util,,,7a25a3bc8e39b088ccd81cbfdc3dd1aebb1d94a9bdbc0dafcc6d2e0b56fa9b47,f8f0fcfcfcf4d8b9,599,397,,,Nazca textile,data/metadata/met_corpus_principal_v2_revisado.csv,2026-06-15
MET:307940,MET,307940,,The Metropolitan Museum of Art,https://www.metmuseum.org/art/collection/search/307940,https://images.metmuseum.org/CRDImages/ao/original/72153.jpg,https://images.metmuseum.org/CRDImages/ao/web-large/72153.jpg,data/images/met/307940.jpg,Fragment,Fragmento textil,,Chancay,,12th–14th century,Peru,The Michael C. Rockefeller Wing,Textiles-Woven,Textile fragment,,,"Camelid hair, cotton",,,"Overall: 28 1/2 x 34 3/4 in. (72.39 x 88.27 cm)
Other: 28 1/2 in. (72.39 cm)",,,,principal,fragmento_textil_util,mantener,,,candidato_corpus_principal,auditoria_aceptados_no_piloto,dominio_publico,isPublicDomain=True,,parcial,sin_anotar,util,,,a8dabd4a1e188f9717b968298fdef513db5f8879999cf045936b14ffbdc78e54,b2968adcd0a8e4e4,484,624,,,Chancay textile,data/metadata/met_corpus_principal_v2_revisado.csv,2026-06-15
MET:307941,MET,307941,,The Metropolitan Museum of Art,https://www.metmuseum.org/art/collection/search/307941,"https://images.metmuseum.org/CRDImages/ao/original/DP18687_28.171.4,1.jpg","https://images.metmuseum.org/CRDImages/ao/web-large/DP18687_28.171.4,1.jpg",data/images/met/307941.jpg,Bag Tassel,Bolsa textil,"Título oficial: Bag Tassel. Cultura registrada: Inca. Fecha del objeto: 15th–16th century. Material registrado: Camelid hair, cotton. Clasificación museográfica: Textiles-Woven. Dimensiones: Overall: 8 x 15 3/4 in. (20.32 x 40.01 cm)
Other: 8 in. (20.32 cm).",Inca,,15th–16th century,Peru,The Michael C. Rockefeller Wing,Textiles-Woven,Bag fragment,bolso_textil,superficie_amplia,"Camelid hair, cotton",algodón; fibra de camélido,tejido,"Overall: 8 x 15 3/4 in. (20.32 x 40.01 cm)
Other: 8 in. (20.32 cm)",,,,principal,superficie amplia o composición visual útil detectada: ['bag'],mantener,,,,corpus_principal_preliminar,dominio_publico,isPublicDomain=True,,completo,sin_anotar,util,,,f318a6954cbdbc096875490d0c4d3454d5b6d83dc8d648e237a47466c9ffd46a,b6b232b0bcb092b0,374,624,,,Inca textile,data/metadata/met_corpus_principal_v2_revisado.csv,2026-06-15
MET:307943,MET,307943,,The Metropolitan Museum of Art,https://www.metmuseum.org/art/collection/search/307943,https://images.metmuseum.org/CRDImages/ao/original/DP101351.jpg,https://images.metmuseum.org/CRDImages/ao/web-large/DP101351.jpg,data/images/met/307943.jpg,Fragment,Fragmento textil,,Chancay,,12th–14th century,Peru,The Michael C. Rockefeller Wing,Textiles-Woven,Fragment,,,"Camelid hair, cotton",,,"Overall: 14 x 21 1/2 in. (35.56 x 54.61 cm)
Other: 14 in. (35.56 cm)",,,,principal,fragmento_textil_util,mantener,,,candidato_corpus_principal,auditoria_aceptados_no_piloto,dominio_publico,isPublicDomain=True,,parcial,sin_anotar,util,,,09eac78931a524c0196b7b8faf5ed761cddb3bf08338ff389e456d385828d6b8,c2c0c2c9d8bcb8bc,403,624,,,Chancay textile,data/metadata/met_corpus_principal_v2_revisado.csv,2026-06-15
MET:307944,MET,307944,,The Metropolitan Museum of Art,https://www.metmuseum.org/art/collection/search/307944,https://images.metmuseum.org/CRDImages/ao/original/LC-28_171_7_TMSa.jpg,https://images.metmuseum.org/CRDImages/ao/web-large/LC-28_171_7_TMSa.jpg,data/images/met/307944.jpg,Sash,Faja textil,,Chimú,,10th–15th century,Peru,The Michael C. Rockefeller Wing,Textiles-Woven,Sash,,,Camelid hair,,,"Overall: 3 x 76 in. (7.62 x 193.04 cm)
Other: 3 in. (7.62 cm)",,,,principal,composicion_visual_util,mantener,,,revision_formato_longitudinal,auditoria_aceptados_no_piloto,dominio_publico,isPublicDomain=True,,parcial,sin_anotar,util,,,3c0329b089fff5865099cf99d9c8b132a24adacd20e7ce272cfff6824c6bba01,0301c1ccb0800101,599,397,,,Andean textile,data/metadata/met_corpus_principal_v2_revisado.csv,2026-06-15
MET:307950,MET,307950,,The Metropolitan Museum of Art,https://www.metmuseum.org/art/collection/search/307950,https://images.metmuseum.org/CRDImages/ao/original/DP233569.jpg,https://images.metmuseum.org/CRDImages/ao/web-large/DP233569.jpg,data/images/met/307950.jpg,Tunic,Túnica textil,,Nasca,,7th century,Peru,The Michael C. Rockefeller Wing,Textiles-Woven,Tunic,,,Camelid hair,,,"Overall: 33 in. (83.82 cm)
Other: 24 in. (60.96 cm)",,,,principal,superficie_textil_util,mantener,,,candidato_corpus_principal,auditoria_aceptados_no_piloto,dominio_publico,isPublicDomain=True,,parcial,sin_anotar,util,,,6276f916045a7e518e4175f4b2367b1b40fcd9a60a41bc406de448a5ce729470,00b2b296b2f0d4c6,599,473,,,Nasca textile,data/metadata/met_corpus_principal_v2_revisado.csv,2026-06-15
MET:307953,MET,307953,,The Metropolitan Museum of Art,https://www.metmuseum.org/art/collection/search/307953,https://images.metmuseum.org/CRDImages/ao/original/DP18444.jpg,https://images.metmuseum.org/CRDImages/ao/web-large/DP18444.jpg,data/images/met/307953.jpg,Fragmentary Band,Fragmento textil,,Nasca,,2nd century BCE,Peru,The Michael C. Rockefeller Wing,Textiles-Woven,Band fragment,,,"Camelid hair, cotton",,,"Overall: 2 x 59 1/2 in. (5.08 x 151.13 cm)
Other: 2 in. (5.08 cm)",,,,principal,fragmento_textil_util,mantener,,,candidato_corpus_principal,auditoria_aceptados_no_piloto,dominio_publico,isPublicDomain=True,,parcial,sin_anotar,util,,,085f789d88230e231568527056361db6d8809b8eb2ede669627bf2af912e2446,78f2b0bcd8cccc8c,599,180,,,Nazca textile,data/metadata/met_corpus_principal_v2_revisado.csv,2026-06-15
MET:307959,MET,307959,,The Metropolitan Museum of Art,https://www.metmuseum.org/art/collection/search/307959,https://images.metmuseum.org/CRDImages/ao/original/29.146.8.jpg,https://images.metmuseum.org/CRDImages/ao/web-large/29.146.8.jpg,data/images/met/307959.jpg,Sash or Headband,Faja textil,,Nasca,,7th century,Peru,The Michael C. Rockefeller Wing,Textiles-Woven,Sash,,,Camelid hair,,,"Overall: 1 1/2 x 31 3/4 in. (3.81 x 80.65 cm)
Other: 1 1/2 in. (3.81 cm)",,,,principal,composicion_visual_util,mantener,,,revision_formato_longitudinal,auditoria_aceptados_no_piloto,dominio_publico,isPublicDomain=True,,parcial,sin_anotar,util,,,7c8d0aa71d2639124e27abcdbf7453d2ee46ffe34f79705b2ebca5cc4dbb2e2d,1e7f0f0f17134809,595,99,,,Nasca textile,data/metadata/met_corpus_principal_v2_revisado.csv,2026-06-15
MET:307960,MET,307960,,The Metropolitan Museum of Art,https://www.metmuseum.org/art/collection/search/307960,https://images.metmuseum.org/CRDImages/ao/original/29.146.9.jpg,https://images.metmuseum.org/CRDImages/ao/web-large/29.146.9.jpg,data/images/met/307960.jpg,Band Fragment,Fragmento textil,,Nasca,,7th century,Peru,The Michael C. Rockefeller Wing,Textiles-Woven,Textile fragment,,,Camelid hair,,,"Overall: 2 x 8 7/8 in. (5.08 x 22.54 cm)
Other: 2 in. (5.08 cm)",,,,principal,fragmento_textil_util,mantener,,,candidato_corpus_principal,auditoria_aceptados_no_piloto,dominio_publico,isPublicDomain=True,,parcial,sin_anotar,util,,,cb19d0c4a7309fcb4706704cda7836122baed68df0bb02f853d9b1d573e9105c,17221a1e4e5efe7f,598,171,,,Nasca textile,data/metadata/met_corpus_principal_v2_revisado.csv,2026-06-15
MET:307961,MET,307961,,The Metropolitan Museum of Art,https://www.metmuseum.org/art/collection/search/307961,https://images.metmuseum.org/CRDImages/ao/original/75153.jpg,https://images.metmuseum.org/CRDImages/ao/web-large/75153.jpg,data/images/met/307961.jpg,Band Fragment,Fragmento textil,,Nasca,,7th century,Peru,The Michael C. Rockefeller Wing,Textiles-Woven,Textile fragment,,,"Camelid hair, cotton",,,"Overall: 2 1/8 x 6 1/4 in. (5.41 x 15.88 cm)
Other: 2 1/8 in. (5.41 cm)",,,,principal,fragmento_textil_util,mantener,,,candidato_corpus_principal,auditoria_aceptados_no_piloto,dominio_publico,isPublicDomain=True,,parcial,sin_anotar,util,,,9a488c04b197a92d516e22d40f20e6497208f74e988b5285dec0daa34420a76b,dcf8d0d0d4c4ece4,294,624,,,Nazca textile,data/metadata/met_corpus_principal_v2_revisado.csv,2026-06-15
MET:307962,MET,307962,,The Metropolitan Museum of Art,https://www.metmuseum.org/art/collection/search/307962,https://images.metmuseum.org/CRDImages/ao/original/29.146.11.jpg,https://images.metmuseum.org/CRDImages/ao/web-large/29.146.11.jpg,data/images/met/307962.jpg,Bag Fragment,Fragmento textil,,Nasca,,7th century,Peru,The Michael C. Rockefeller Wing,Textiles-Woven,Bag fragment,,,"Camelid hair, cotton",,,"Overall: 7 1/4 x 7 5/8 in. (18.42 x 19.37 cm)
Other: 7 1/4 in. (18.42 cm)",,,,principal,superficie_textil_util,mantener,,,candidato_corpus_principal,auditoria_aceptados_no_piloto,dominio_publico,isPublicDomain=True,,parcial,sin_anotar,util,,,e82dc9fa1958a3b26cc5d61234ba932d34bd06553e79772e775bd0ffa477dd50,b0aab0b0f2c444cc,599,554,,,Nazca textile,data/metadata/met_corpus_principal_v2_revisado.csv,2026-06-15
MET:307963,MET,307963,,The Metropolitan Museum of Art,https://www.metmuseum.org/art/collection/search/307963,https://images.metmuseum.org/CRDImages/ao/original/DP18609.jpg,https://images.metmuseum.org/CRDImages/ao/web-large/DP18609.jpg,data/images/met/307963.jpg,Bag,Bolsa textil,,Nasca,,8th–9th century,Peru,The Michael C. Rockefeller Wing,Textiles-Woven,Bag,,,Camelid hair,,,"Overall: 4 3/8 x 4 1/4 in. (11.13 x 10.8 cm)
Other: 4 3/8 in. (11.13 cm)",,,,principal,superficie_textil_util,mantener,,,candidato_corpus_principal,auditoria_aceptados_no_piloto,dominio_publico,isPublicDomain=True,,parcial,sin_anotar,util,,,a21155be498094d94d2d9340b43adb20706bbdd5b67f720a0ad19c076886254a,e8ecdaf0d2d2d291,433,624,,,Nasca textile,data/metadata/met_corpus_principal_v2_revisado.csv,2026-06-15
MET:307964,MET,307964,,The Metropolitan Museum of Art,https://www.metmuseum.org/art/collection/search/307964,https://images.metmuseum.org/CRDImages/ao/original/DP18634.jpg,https://images.metmuseum.org/CRDImages/ao/web-large/DP18634.jpg,data/images/met/307964.jpg,Band Fragment,Fragmento textil,,Nasca,,7th century,Peru,The Michael C. Rockefeller Wing,Textiles-Woven,Band fragment,,,Camelid hair,,,"Overall: 5/8 x 33 1/2 in. (1.57 x 85.09 cm)
Other: 5/8 in. (1.57 cm)",,,,principal,fragmento_textil_util,mantener,,,candidato_corpus_principal,auditoria_aceptados_no_piloto,dominio_publico,isPublicDomain=True,,parcial,sin_anotar,util,Comparte imagen con MET:307965.,DUP-001,47ac6d0682cc8349bd9f76b6e31c1e1dac575cd31587e101e2292d912dfe12ae,a4645be4f99e60f0,598,128,,,Nasca textile,data/metadata/met_corpus_principal_v2_revisado.csv,2026-06-15
MET:307965,MET,307965,,The Metropolitan Museum of Art,https://www.metmuseum.org/art/collection/search/307965,https://images.metmuseum.org/CRDImages/ao/original/DP18634.jpg,https://images.metmuseum.org/CRDImages/ao/web-large/DP18634.jpg,data/images/met/307965.jpg,Band Fragment,Fragmento textil,,Nasca,,7th century,Peru,The Michael C. Rockefeller Wing,Textiles-Woven,Band fragment,,,Camelid hair,,,"Overall: 5/8 x 17 in. (1.57 x 43.18 cm)
Other: 5/8 in. (1.57 cm)",,,,principal,fragmento_textil_util,mantener,,,candidato_corpus_principal,auditoria_aceptados_no_piloto,dominio_publico,isPublicDomain=True,,parcial,sin_anotar,util,Comparte imagen con MET:307964.,DUP-001,415bf5a5f6ebd1138310f96c925b6734f12c38a21a5b44c494f69215f54564e3,a4645be4f99e60f0,598,128,,,Nasca textile,data/metadata/met_corpus_principal_v2_revisado.csv,2026-06-15
MET:307966,MET,307966,,The Metropolitan Museum of Art,https://www.metmuseum.org/art/collection/search/307966,https://images.metmuseum.org/CRDImages/ao/original/29.146.14 -15.jpg,https://images.metmuseum.org/CRDImages/ao/web-large/29.146.14 -15.jpg,data/images/met/307966.jpg,Band Fragment,Fragmento textil,,Nasca,,7th century,Peru,The Michael C. Rockefeller Wing,Textiles-Woven,Band fragment,,,Camelid hair,,,"Overall: 1/2 x 35 1/4 in. (1.27 x 89.54 cm)
Other: 1/2 in. (1.27 cm)",,,,principal,fragmento_textil_util,mantener,,,candidato_corpus_principal,auditoria_aceptados_no_piloto,dominio_publico,isPublicDomain=True,,parcial,sin_anotar,util,Comparte imagen con MET:307967.,DUP-002,1395d1f9137bdb31c92a2c0817418d6bcf8a47f61869a213089f3e7b8bce701e,2a8b8f831949eb23,599,169,,,Nasca textile,data/metadata/met_corpus_principal_v2_revisado.csv,2026-06-15
MET:307967,MET,307967,,The Metropolitan Museum of Art,https://www.metmuseum.org/art/collection/search/307967,https://images.metmuseum.org/CRDImages/ao/original/29.146.14 -15.jpg,https://images.metmuseum.org/CRDImages/ao/web-large/29.146.14 -15.jpg,data/images/met/307967.jpg,Band Fragment,Fragmento textil,,Nasca,,7th century,Peru,The Michael C. Rockefeller Wing,Textiles-Woven,Band fragment,,,Camelid hair,,,"Overall: 1/2 x 8 3/4 in. (1.27 x 22.23 cm)
Other: 1/2 in. (1.27 cm)",,,,principal,fragmento_textil_util,mantener,,,candidato_corpus_principal,auditoria_aceptados_no_piloto,dominio_publico,isPublicDomain=True,,parcial,sin_anotar,util,Comparte imagen con MET:307966.,DUP-002,364d17c427d0ad13629ea08387fa7290c68f3d38df2d7d6b8d01d7d1ed74e799,2a8b8f831949eb23,599,169,,,Nasca textile,data/metadata/met_corpus_principal_v2_revisado.csv,2026-06-15
MET:307968,MET,307968,,The Metropolitan Museum of Art,https://www.metmuseum.org/art/collection/search/307968,https://images.metmuseum.org/CRDImages/ao/original/29.146.16.jpg,https://images.metmuseum.org/CRDImages/ao/web-large/29.146.16.jpg,data/images/met/307968.jpg,Band Fragment,Fragmento textil,,Nasca,,7th century,Peru,The Michael C. Rockefeller Wing,Textiles-Woven,Band fragment,,,Camelid hair,,,"Overall: 3/4 x 10 1/2 in. (1.91 x 26.67 cm)
Other: 3/4 in. (1.91 cm)",,,,principal,fragmento_textil_util,mantener,,,candidato_corpus_principal,auditoria_aceptados_no_piloto,dominio_publico,isPublicDomain=True,,parcial,sin_anotar,util,,,99fd0b87141311ebec86af29000e4bb2dd667abf01e7de0864d091cf22fea505,e004161c0c0c2f13,600,131,,,Nasca textile,data/metadata/met_corpus_principal_v2_revisado.csv,2026-06-15
MET:307972,MET,307972,,The Metropolitan Museum of Art,https://www.metmuseum.org/art/collection/search/307972,https://images.metmuseum.org/CRDImages/ao/original/DP18617.jpg,https://images.metmuseum.org/CRDImages/ao/web-large/DP18617.jpg,data/images/met/307972.jpg,Band Fragment,Fragmento textil,,Nasca,,7th century,Peru,The Michael C. Rockefeller Wing,Textiles-Woven,Textile fragment,,,Camelid hair,,,"Overall: 2 x 8 in. (5.08 x 20.32 cm)
Other: 2 in. (5.08 cm)",,,,principal,fragmento_textil_util,mantener,,,candidato_corpus_principal,auditoria_aceptados_no_piloto,dominio_publico,isPublicDomain=True,,parcial,sin_anotar,util,,,3ef32d16886c15b5f2543f8fae0ad540417a2c63d2383d5282d9c408015a75b8,c8c8d8d4d4f4ccc4,196,623,,,Nasca textile,data/metadata/met_corpus_principal_v2_revisado.csv,2026-06-15
MET:307975,MET,307975,,The Metropolitan Museum of Art,https://www.metmuseum.org/art/collection/search/307975,https://images.metmuseum.org/CRDImages/ao/original/DT829.jpg,https://images.metmuseum.org/CRDImages/ao/web-large/DT829.jpg,data/images/met/307975.jpg,Tunic with Confronting Catfish,Túnica textil,"Título oficial: Tunic with Confronting Catfish. Cultura registrada: Nasca-Wari. Fecha del objeto: 800–850 CE. Material registrado: Camelid hair, tapestry-weave. Clasificación museográfica: Textiles-Woven. Dimensiones: H. 21 1/2 × W. 43 1/4 in. (54.6 × 109.9 cm).",Nasca-Wari,,800–850 CE,Peru,The Michael C. Rockefeller Wing,Textiles-Woven,Tunic,tunica,superficie_amplia,"Camelid hair, tapestry-weave",fibra de camélido,tapiz; tejido,H. 21 1/2 × W. 43 1/4 in. (54.6 × 109.9 cm),,,,principal,"superficie amplia o composición visual útil detectada: ['tunic', 'tapestry']",mantener,,,,corpus_principal_preliminar,dominio_publico,isPublicDomain=True,,completo,sin_anotar,util,,,465ac3f1f3c289e5881128d230751e92559ba3d89b35c75d76b435c145932e48,5aded6d2d0ccc4d8,599,302,,,Andean textile,data/metadata/met_corpus_principal_v2_revisado.csv,2026-06-15
MET:307977,MET,307977,,The Metropolitan Museum of Art,https://www.metmuseum.org/art/collection/search/307977,https://images.metmuseum.org/CRDImages/ao/original/DP158699.jpg,https://images.metmuseum.org/CRDImages/ao/web-large/DP158699.jpg,data/images/met/307977.jpg,Feathered Tunic,Túnica textil,"Título oficial: Feathered Tunic. Cultura registrada: Chimú. Fecha del objeto: 1200 – 1400 CE. Material registrado: Cotton, feathers. Clasificación museográfica: Feathers-Costumes. Dimensiones: W. 30 x H. 35 in. (76.2 x 88.9 cm).",Chimú,,1200 – 1400 CE,Peru,The Michael C. Rockefeller Wing,Feathers-Costumes,Tunic,tunica,materialidad_plumas,"Cotton, feathers",algodón; plumas,trabajo con plumas,W. 30 x H. 35 in. (76.2 x 88.9 cm),,,,complementario,superficie amplia o composición visual útil detectada: ['tunic'],mantener,,,,corpus_complementario_preliminar,dominio_publico,isPublicDomain=True,,completo,sin_anotar,util,,,cbb22dc0fe71497e7ee81be62bfa91f817063c4e5f9691688f33842176461f8c,2133338f96b28eee,508,624,,,Andean textile,data/metadata/met_corpus_secundario_v2_revisado.csv,2026-06-15
MET:307991,MET,307991,,The Metropolitan Museum of Art,https://www.metmuseum.org/art/collection/search/307991,https://images.metmuseum.org/CRDImages/ao/original/77991.jpg,https://images.metmuseum.org/CRDImages/ao/web-large/77991.jpg,data/images/met/307991.jpg,Tunic fragment,Túnica textil,"Título oficial: Tunic fragment. Cultura registrada: Wari. Fecha del objeto: 650–1000 CE. Material registrado: Camelid hair, cotton. Clasificación museográfica: Textiles-Woven. Dimensiones: Overall: 20 7/8 x 27 1/4 in. (53.01 x 69.22 cm)
Other: 20 7/8 in. (53.01 cm).",Wari,,650–1000 CE,Peru,The Michael C. Rockefeller Wing,Textiles-Woven,Tunic fragment,tunica,superficie_amplia,"Camelid hair, cotton",algodón; fibra de camélido,tejido,"Overall: 20 7/8 x 27 1/4 in. (53.01 x 69.22 cm)
Other: 20 7/8 in. (53.01 cm)",,,,principal,superficie amplia o composición visual útil detectada: ['tunic'],mantener,,,,corpus_principal_preliminar,dominio_publico,isPublicDomain=True,,completo,sin_anotar,util,,,09c61f91f36ffa6a9b6a0fb17acb5c247e26fbe49e28c76f1098b13727da6dc7,81cc96a2cacab68e,457,624,,,Andean textile,data/metadata/met_corpus_principal_v2_revisado.csv,2026-06-15
MET:308015,MET,308015,,The Metropolitan Museum of Art,https://www.metmuseum.org/art/collection/search/308015,https://images.metmuseum.org/CRDImages/ao/original/DP18635.jpg,https://images.metmuseum.org/CRDImages/ao/web-large/DP18635.jpg,data/images/met/308015.jpg,Tapestry Panel,Panel textil,,Nasca,,7th century,Peru,The Michael C. Rockefeller Wing,Textiles-Woven,Textile fragment,,,"Camelid hair, cotton",,,"Overall: 10 1/2 x 14 in. (26.67 x 35.56 cm)
Other: 10 1/2 in. (26.67 cm)",,,,principal,superficie_textil_util,mantener,,,candidato_corpus_principal,auditoria_aceptados_no_piloto,dominio_publico,isPublicDomain=True,,parcial,sin_anotar,util,,,119395f440650299292c7bf92c2a8c676aaa1e72aaa3056ff4a3d9085f6f09c1,a2d0b2a2dae0a2e6,498,625,,,Nazca textile,data/metadata/met_corpus_principal_v2_revisado.csv,2026-06-15
MET:308016,MET,308016,,The Metropolitan Museum of Art,https://www.metmuseum.org/art/collection/search/308016,https://images.metmuseum.org/CRDImages/ao/original/DP18620.jpg,https://images.metmuseum.org/CRDImages/ao/web-large/DP18620.jpg,data/images/met/308016.jpg,Fragment with Figures,Fragmento textil,,Nasca,,7th century,Peru,The Michael C. Rockefeller Wing,Textiles-Woven,Textile fragment,,,Camelid hair,,,"Overall: 8 x 11 in. (20.32 x 27.94 cm)
Other: 8 in. (20.32 cm)",,,,principal,fragmento_textil_util,mantener,,,candidato_corpus_principal,auditoria_aceptados_no_piloto,dominio_publico,isPublicDomain=True,,parcial,sin_anotar,util,,,bd453d8bc864211d34a01affb841a183b3e24a3bd763fa8a1204ae2e580c0d51,b2aaaa9292b4969c,466,624,,,Nasca textile,data/metadata/met_corpus_principal_v2_revisado.csv,2026-06-15
MET:308017,MET,308017,,The Metropolitan Museum of Art,https://www.metmuseum.org/art/collection/search/308017,https://images.metmuseum.org/CRDImages/ao/original/DP18640.jpg,https://images.metmuseum.org/CRDImages/ao/web-large/DP18640.jpg,data/images/met/308017.jpg,Embroidered Fragment,Fragmento textil,,Nasca,,7th century,Peru,The Michael C. Rockefeller Wing,Textiles-Woven,Textile fragment,,,Camelid hair,,,"Overall: 12 1/2 x 14 1/4 in. (31.75 x 36.2 cm)
Other: 12 1/2 in. (31.75 cm)",,,,principal,fragmento_textil_util,mantener,,,candidato_corpus_principal,auditoria_aceptados_no_piloto,dominio_publico,isPublicDomain=True,,parcial,sin_anotar,util,,,61edc27bb31920247a31433389ab3aa5428eeba716e3c042de731c7ef51c705f,b8e8a6e6a2626ee4,564,624,,,Nasca textile,data/metadata/met_corpus_principal_v2_revisado.csv,2026-06-15
MET:308021,MET,308021,,The Metropolitan Museum of Art,https://www.metmuseum.org/art/collection/search/308021,https://images.metmuseum.org/CRDImages/ao/original/DP18587_32.32.8.jpg,https://images.metmuseum.org/CRDImages/ao/web-large/DP18587_32.32.8.jpg,data/images/met/308021.jpg,Bag,Bolsa textil,,Nasca,,7th century,Peru,The Michael C. Rockefeller Wing,Textiles-Woven,Bag,,,Camelid hair,,,"Overall: 7 1/8 x 18 1/2 in. (18.08 x 46.99 cm)
Other: 7 1/8 in. (18.08 cm)",,,,principal,superficie_textil_util,mantener,,,candidato_corpus_principal,auditoria_aceptados_no_piloto,dominio_publico,isPublicDomain=True,,parcial,sin_anotar,util,,,7baa7b5fde9f76572c560303fcd44e1d5d7a1b16fdbad37fb0c30cbf268a1daa,a4e0d0d0f0d29292,322,624,,,Nasca textile,data/metadata/met_corpus_principal_v2_revisado.csv,2026-06-15
MET:308022,MET,308022,,The Metropolitan Museum of Art,https://www.metmuseum.org/art/collection/search/308022,https://images.metmuseum.org/CRDImages/ao/original/DP-26534-001.jpg,https://images.metmuseum.org/CRDImages/ao/web-large/DP-26534-001.jpg,data/images/met/308022.jpg,Embroidered bag with fringe,Bolsa textil,Título oficial: Embroidered bag with fringe. Cultura registrada: Nasca. Fecha del objeto: 7th century. Material registrado: Camelid hair. Clasificación museográfica: Textiles-Woven. Dimensiones: W. 7 1/4 x D.12 1/2 in. (18.42 x 31.75 cm).,Nasca,,7th century,Peru,The Michael C. Rockefeller Wing,Textiles-Woven,Bag,bolso_textil,superficie_amplia,Camelid hair,fibra de camélido,bordado; tejido,W. 7 1/4 x D.12 1/2 in. (18.42 x 31.75 cm),,,,principal,superficie amplia o composición visual útil detectada: ['bag'],mantener,,,,corpus_principal_preliminar,dominio_publico,isPublicDomain=True,,completo,sin_anotar,util,,,395d9ba3ae99a77d78c2e2594c18e67ad18e738a48a37d926c80899436600647,12336169e8e8c82d,473,624,,,Andean textile,data/metadata/met_corpus_principal_v2_revisado.csv,2026-06-15
MET:308023,MET,308023,,The Metropolitan Museum of Art,https://www.metmuseum.org/art/collection/search/308023,https://images.metmuseum.org/CRDImages/ao/original/DP18585_32.32.10.jpg,https://images.metmuseum.org/CRDImages/ao/web-large/DP18585_32.32.10.jpg,data/images/met/308023.jpg,Bag,Bolsa textil,,Nasca,,7th century,Peru,The Michael C. Rockefeller Wing,Textiles-Woven,Bag,,,Camelid hair,,,"Overall: 8 1/8 x 21 1/8 in. (20.62 x 53.66 cm)
Other: 8 1/8 in. (20.62 cm)",,,,principal,superficie_textil_util,mantener,,,candidato_corpus_principal,auditoria_aceptados_no_piloto,dominio_publico,isPublicDomain=True,,parcial,sin_anotar,util,,,1d7f2e728dff7018b22a1f901171b8baf37dba2c2ff4302ca465bbe1a17c70a0,f8ccc4ccf4ecf0f4,342,624,,,Nasca textile,data/metadata/met_corpus_principal_v2_revisado.csv,2026-06-15
MET:308024,MET,308024,,The Metropolitan Museum of Art,https://www.metmuseum.org/art/collection/search/308024,https://images.metmuseum.org/CRDImages/ao/original/DP-26535-001.jpg,https://images.metmuseum.org/CRDImages/ao/web-large/DP-26535-001.jpg,data/images/met/308024.jpg,Embroidered bag with fringe,Bolsa textil,Título oficial: Embroidered bag with fringe. Cultura registrada: Nasca. Fecha del objeto: 7th century. Material registrado: Camelid hair. Clasificación museográfica: Textiles-Woven. Dimensiones: W. 8 3/8 × L. 16 1/2 in. (21.26 × 41.91 cm).,Nasca,,7th century,Peru,The Michael C. Rockefeller Wing,Textiles-Woven,Bag,bolso_textil,superficie_amplia,Camelid hair,fibra de camélido,bordado; tejido,W. 8 3/8 × L. 16 1/2 in. (21.26 × 41.91 cm),,,,principal,superficie amplia o composición visual útil detectada: ['bag'],mantener,,,,corpus_principal_preliminar,dominio_publico,isPublicDomain=True,,completo,sin_anotar,util,,,f126d65c9ee2b5ceca0a19a2010ca5dc0ea16faac601cf3bfe7bed5b8c967cea,323269e9e0e8f070,415,625,,,Andean textile,data/metadata/met_corpus_principal_v2_revisado.csv,2026-06-15
MET:308025,MET,308025,,The Metropolitan Museum of Art,https://www.metmuseum.org/art/collection/search/308025,https://images.metmuseum.org/CRDImages/ao/original/DP18593.jpg,https://images.metmuseum.org/CRDImages/ao/web-large/DP18593.jpg,data/images/met/308025.jpg,Bag,Bolsa textil,,Nasca,,7th century,Peru,The Michael C. Rockefeller Wing,Textiles-Woven,Bag,,,Camelid hair,,,"Overall: 5 x 14 3/4 in. (12.7 x 37.47 cm)
Other: 5 in. (12.7 cm)",,,,principal,superficie_textil_util,mantener,,,candidato_corpus_principal,auditoria_aceptados_no_piloto,dominio_publico,isPublicDomain=True,,parcial,sin_anotar,util,,,d1cab98a730c6ea5412d24f9c100a9175803558a45e50f3829dae6bd045530fe,daa486a4d4c0e4e0,265,625,,,Nasca textile,data/metadata/met_corpus_principal_v2_revisado.csv,2026-06-15
MET:308026,MET,308026,,The Metropolitan Museum of Art,https://www.metmuseum.org/art/collection/search/308026,https://images.metmuseum.org/CRDImages/ao/original/DP18586_32.32.13.jpg,https://images.metmuseum.org/CRDImages/ao/web-large/DP18586_32.32.13.jpg,data/images/met/308026.jpg,Fringed Bag,Bolsa textil,,Nasca,,7th century,Peru,The Michael C. Rockefeller Wing,Textiles-Woven,Bag,,,Camelid hair,,,"Overall: 8 1/4 x 20 1/2 in. (20.96 x 52.07 cm)
Other: 8 1/4 in. (20.96 cm)",,,,principal,superficie_textil_util,mantener,,,candidato_corpus_principal,auditoria_aceptados_no_piloto,dominio_publico,isPublicDomain=True,,parcial,sin_anotar,util,,,cba523ccba652d1e3986bbdad886c1feb71b9bcc8d3bfab0147af8752d135a33,335694d4d6f4f4b4,299,624,,,Nasca textile,data/metadata/met_corpus_principal_v2_revisado.csv,2026-06-15
MET:308027,MET,308027,,The Metropolitan Museum of Art,https://www.metmuseum.org/art/collection/search/308027,https://images.metmuseum.org/CRDImages/ao/original/DP18600.jpg,https://images.metmuseum.org/CRDImages/ao/web-large/DP18600.jpg,data/images/met/308027.jpg,Fringed Bag,Bolsa textil,,Nasca,,7th century,Peru,The Michael C. Rockefeller Wing,Textiles-Woven,Bag,,,Camelid hair,,,"Overall: 6 1/2 x 15 1/2 in. (16.51 x 39.37 cm)
Other: 6 1/2 in. (16.51 cm)",,,,principal,superficie_textil_util,mantener,,,candidato_corpus_principal,auditoria_aceptados_no_piloto,dominio_publico,isPublicDomain=True,,parcial,sin_anotar,util,,,b7760b9ef45ab2f9c8482b88a540183ef54a4b38e749977d2c35e3a737873ab5,9878b8b4c880d498,303,625,,,Nasca textile,data/metadata/met_corpus_principal_v2_revisado.csv,2026-06-15
MET:308028,MET,308028,,The Metropolitan Museum of Art,https://www.metmuseum.org/art/collection/search/308028,https://images.metmuseum.org/CRDImages/ao/original/DP18595.jpg,https://images.metmuseum.org/CRDImages/ao/web-large/DP18595.jpg,data/images/met/308028.jpg,Bag,Bolsa textil,,Nasca,,7th century,Peru,The Michael C. Rockefeller Wing,Textiles-Woven,Bag,,,Camelid hair,,,"Overall: 8 x 11 1/2 in. (20.32 x 29.21 cm)
Other: 8 in. (20.32 cm)",,,,principal,superficie_textil_util,mantener,,,candidato_corpus_principal,auditoria_aceptados_no_piloto,dominio_publico,isPublicDomain=True,,parcial,sin_anotar,util,,,c4419f89cb0f3179c78cf5628e063594497ffacf131ef25988aadc6a8dbac0de,c05852dad2da9ce1,447,625,,,Nasca textile,data/metadata/met_corpus_principal_v2_revisado.csv,2026-06-15
MET:308029,MET,308029,,The Metropolitan Museum of Art,https://www.metmuseum.org/art/collection/search/308029,https://images.metmuseum.org/CRDImages/ao/original/DP18594.jpg,https://images.metmuseum.org/CRDImages/ao/web-large/DP18594.jpg,data/images/met/308029.jpg,Fringed Bag,Bolsa textil,,Nasca,,7th century,Peru,The Michael C. Rockefeller Wing,Textiles-Woven,Bag,,,Camelid hair,,,"Overall: 5 1/2 x 12 3/4 in. (13.97 x 32.39 cm)
Other: 5 1/2 in. (13.97 cm)",,,,principal,superficie_textil_util,mantener,,,candidato_corpus_principal,auditoria_aceptados_no_piloto,dominio_publico,isPublicDomain=True,,parcial,sin_anotar,util,,,caac58ccfcc2e37da84da951ed06cc2e0e100965513ca84477b89d7e1a3b9af0,cdcce8c0c4d6b4b4,325,623,,,Nasca textile,data/metadata/met_corpus_principal_v2_revisado.csv,2026-06-15
MET:308034,MET,308034,,The Metropolitan Museum of Art,https://www.metmuseum.org/art/collection/search/308034,https://images.metmuseum.org/CRDImages/ao/original/DP18571.jpg,https://images.metmuseum.org/CRDImages/ao/web-large/DP18571.jpg,data/images/met/308034.jpg,Embroidered Mantle Fragment,Manto textil,,Paracas,,5th–2nd century BCE,Peru,The Michael C. Rockefeller Wing,Textiles-Woven,Mantle fragment,,,Camelid hair,,,"Overall: 11 1/8 x 21 1/4 in. (28.24 x 53.98 cm)
Other: 11 1/8 in. (28.24 cm)",,,,principal,superficie_textil_util,mantener,,,candidato_corpus_principal,auditoria_aceptados_no_piloto,dominio_publico,isPublicDomain=True,,parcial,sin_anotar,util,,,989b0e7623bed8c11deb43fc8613e0ded7505a2d40771141919caf44292f0182,f6bef6d69899d9f8,600,381,,,Paracas textile,data/metadata/met_corpus_principal_v2_revisado.csv,2026-06-15
MET:308035,MET,308035,,The Metropolitan Museum of Art,https://www.metmuseum.org/art/collection/search/308035,https://images.metmuseum.org/CRDImages/ao/original/DP18570.jpg,https://images.metmuseum.org/CRDImages/ao/web-large/DP18570.jpg,data/images/met/308035.jpg,Embroidered Mantle Fragment,Manto textil,,Paracas,,5th–2nd century BCE,Peru,The Michael C. Rockefeller Wing,Textiles-Woven,Mantle fragment,,,Camelid hair,,,"Overall: 5 1/2 x 14 3/4 in. (13.97 x 37.47 cm)
Other: 5 1/2 in. (13.97 cm)",,,,principal,superficie_textil_util,mantener,,,candidato_corpus_principal,auditoria_aceptados_no_piloto,dominio_publico,isPublicDomain=True,,parcial,sin_anotar,util,,,de8e1908ed3aadbd9ba0c2a8ded49b4e93869b86205aebc1dd9fd44219544d2e,a8ccaad2faaabaec,245,624,,,Paracas textile,data/metadata/met_corpus_principal_v2_revisado.csv,2026-06-15
MET:308036,MET,308036,,The Metropolitan Museum of Art,https://www.metmuseum.org/art/collection/search/308036,https://images.metmuseum.org/CRDImages/ao/original/33.149.1-67-70-76.jpg,https://images.metmuseum.org/CRDImages/ao/web-large/33.149.1-67-70-76.jpg,data/images/met/308036.jpg,Embroidered Mantle Fragment,Manto textil,,Paracas,,5th–2nd century BCE,Peru,The Michael C. Rockefeller Wing,Textiles-Woven,Mantle fragment,,,Camelid hair,,,"Overall: 4 x 3 5/8 in. (10.16 x 9.21 cm)
Other: 4 in. (10.16 cm)",,,,principal,superficie_textil_util,mantener,,,candidato_corpus_principal,auditoria_aceptados_no_piloto,dominio_publico,isPublicDomain=True,,parcial,sin_anotar,util,Comparte imagen con MET:308106.,DUP-003,73e88939d67186084833ae2d3f71b02db1386c217ad666daa9811764c8b2740b,6fa683876e66321a,600,427,,,Paracas textile,data/metadata/met_corpus_principal_v2_revisado.csv,2026-06-15
MET:308037,MET,308037,,The Metropolitan Museum of Art,https://www.metmuseum.org/art/collection/search/308037,https://images.metmuseum.org/CRDImages/ao/original/DP18551.jpg,https://images.metmuseum.org/CRDImages/ao/web-large/DP18551.jpg,data/images/met/308037.jpg,Embroidered Border Fragment,Fragmento textil,,Paracas,,4th–2nd century BCE,Peru,The Michael C. Rockefeller Wing,Textiles-Woven,Border Fragment,,,Camelid hair,,,"Overall: 2 3/4 x 26 in. (6.99 x 66.04 cm)
Other: 2 3/4 in. (6.99 cm)",,,,principal,fragmento_textil_util,mantener,,,candidato_corpus_principal,auditoria_aceptados_no_piloto,dominio_publico,isPublicDomain=True,,parcial,sin_anotar,util,,,1a25ec89ea2665c265445d07452303cfbb548d4379a34736a904022040e1b69c,d4e4eccecac6d4fc,108,620,,,Paracas textile,data/metadata/met_corpus_principal_v2_revisado.csv,2026-06-15
MET:308039,MET,308039,,The Metropolitan Museum of Art,https://www.metmuseum.org/art/collection/search/308039,https://images.metmuseum.org/CRDImages/ao/original/DP18447.jpg,https://images.metmuseum.org/CRDImages/ao/web-large/DP18447.jpg,data/images/met/308039.jpg,Embroidered Mantle Fragment,Manto textil,,Paracas,,3rd–2nd century BCE,Peru,The Michael C. Rockefeller Wing,Textiles-Woven,Mantle fragment,,,Camelid hair,,,"Overall: 3 3/4 x 5 in. (9.53 x 12.7 cm)
Other: 3 3/4 in. (9.53 cm)",,,,principal,superficie_textil_util,mantener,,,candidato_corpus_principal,auditoria_aceptados_no_piloto,dominio_publico,isPublicDomain=True,,parcial,sin_anotar,util,,,6f9078a3e1170c61403f55f2257aad27bd4b424fffa0392e288d0191c9e6984b,d2c3eba367ced8b1,600,522,,,Paracas textile,data/metadata/met_corpus_principal_v2_revisado.csv,2026-06-15
MET:308040,MET,308040,,The Metropolitan Museum of Art,https://www.metmuseum.org/art/collection/search/308040,https://images.metmuseum.org/CRDImages/ao/original/DP18451.jpg,https://images.metmuseum.org/CRDImages/ao/web-large/DP18451.jpg,data/images/met/308040.jpg,Embroidered Mantle Fragment,Manto textil,,Paracas,,3rd–2nd century BCE,Peru,The Michael C. Rockefeller Wing,Textiles-Woven,Mantle fragment,,,Camelid hair,,,"Overall: 3 1/4 x 5 in. (8.26 x 12.7 cm)
Other: 3 1/4 in. (8.26 cm)",,,,principal,superficie_textil_util,mantener,,,candidato_corpus_principal,auditoria_aceptados_no_piloto,dominio_publico,isPublicDomain=True,,parcial,sin_anotar,util,,,810a87cb13a6e20153c778c70c7b88c360c8f257f83af4061bc1d41e767760a0,b29cb6a696c6ccf1,600,522,,,Paracas textile,data/metadata/met_corpus_principal_v2_revisado.csv,2026-06-15
MET:308042,MET,308042,,The Metropolitan Museum of Art,https://www.metmuseum.org/art/collection/search/308042,https://images.metmuseum.org/CRDImages/ao/original/TP391.jpg,https://images.metmuseum.org/CRDImages/ao/web-large/TP391.jpg,data/images/met/308042.jpg,Embroidered Border Fragment,Fragmento textil,,Paracas,,5th–3rd century BCE,Peru,The Michael C. Rockefeller Wing,Textiles-Woven,Border Fragment,,,Camelid hair,,,"Overall: 4 1/2 x 7 1/2 in. (11.43 x 19.05 cm)
Other: 4 1/2 in. (11.43 cm)",,,,principal,fragmento_textil_util,mantener,,,candidato_corpus_principal,auditoria_aceptados_no_piloto,dominio_publico,isPublicDomain=True,,parcial,sin_anotar,util,,,a8f29004681fe221d79997b9a46e840c68cf7b2cc9892d92ee982b8e898ec198,31f4a28a86e2ac8d,599,383,,,Paracas textile,data/metadata/met_corpus_principal_v2_revisado.csv,2026-06-15
MET:308044,MET,308044,,The Metropolitan Museum of Art,https://www.metmuseum.org/art/collection/search/308044,https://images.metmuseum.org/CRDImages/ao/original/DP18526.jpg,https://images.metmuseum.org/CRDImages/ao/web-large/DP18526.jpg,data/images/met/308044.jpg,Embroidered Border Fragment,Fragmento textil,,Paracas,,5th–4th century BCE,Peru,The Michael C. Rockefeller Wing,Textiles-Woven,Border Fragment,,,Camelid hair,,,"Overall: 3 1/2 x 24 3/16 in. (8.89 x 61.47 cm)
Other: 3 1/2 in. (8.89 cm)",,,,principal,fragmento_textil_util,mantener,,,candidato_corpus_principal,auditoria_aceptados_no_piloto,dominio_publico,isPublicDomain=True,,parcial,sin_anotar,util,,,47c23c131df739537c2bc6ede2911e9bd4a3493f393c32b7067c22fa67430bf9,d4c4c4d4d4dcf4c4,133,621,,,Paracas textile,data/metadata/met_corpus_principal_v2_revisado.csv,2026-06-15
MET:308046,MET,308046,,The Metropolitan Museum of Art,https://www.metmuseum.org/art/collection/search/308046,https://images.metmuseum.org/CRDImages/ao/original/DP18569.jpg,https://images.metmuseum.org/CRDImages/ao/web-large/DP18569.jpg,data/images/met/308046.jpg,Embroidered Border Fragment,Fragmento textil,,Paracas,,5th–2nd century BCE,Peru,The Michael C. Rockefeller Wing,Textiles-Velvets,Border Fragment,,,Camelid hair,,,"Overall: 7 1/4 x 18 in. (18.42 x 45.72 cm)
Other: 7 1/4 in. (18.42 cm)",,,,principal,fragmento_textil_util,mantener,,,candidato_corpus_principal,auditoria_aceptados_no_piloto,dominio_publico,isPublicDomain=True,,parcial,sin_anotar,util,,,18b5672aade11c9ca68847bc8b5ed6e202a781864bc27874da930ebc159ee284,e4c544f8cc54decc,598,264,,,Paracas textile,data/metadata/met_corpus_principal_v2_revisado.csv,2026-06-15
MET:308048,MET,308048,,The Metropolitan Museum of Art,https://www.metmuseum.org/art/collection/search/308048,https://images.metmuseum.org/CRDImages/ao/original/DP18558.jpg,https://images.metmuseum.org/CRDImages/ao/web-large/DP18558.jpg,data/images/met/308048.jpg,Embroidered Fragment with Figures,Fragmento textil,,Paracas,,5th–2nd century BCE,Peru,The Michael C. Rockefeller Wing,Textiles-Woven,Textile fragment,,,Camelid hair,,,"Overall: 10 3/4 x 5 3/4 in. (27.31 x 14.61 cm)
Other: 5 3/4 in. (14.61 cm)",,,,principal,fragmento_textil_util,mantener,,,candidato_corpus_principal,auditoria_aceptados_no_piloto,dominio_publico,isPublicDomain=True,,parcial,sin_anotar,util,,,f2081318447e9c6a971c17eba03f2c37d05c3214db656d8b2070313d5a21bfe5,bab2cabadadaf2f6,343,624,,,Paracas textile,data/metadata/met_corpus_principal_v2_revisado.csv,2026-06-15
MET:308053,MET,308053,,The Metropolitan Museum of Art,https://www.metmuseum.org/art/collection/search/308053,https://images.metmuseum.org/CRDImages/ao/original/DP18553.jpg,https://images.metmuseum.org/CRDImages/ao/web-large/DP18553.jpg,data/images/met/308053.jpg,Embroidered Border Fragment,Fragmento textil,,Paracas,,5th–3rd century BCE,Peru,The Michael C. Rockefeller Wing,Textiles-Woven,Border Fragment,,,Camelid hair,,,"Overall: 6 x 8 3/4 in. (15.24 x 22.23 cm)
Other: 6 in. (15.24 cm)",,,,principal,fragmento_textil_util,mantener,,,candidato_corpus_principal,auditoria_aceptados_no_piloto,dominio_publico,isPublicDomain=True,,parcial,sin_anotar,util,,,23f8df7462ddaa8bf43f83d33a521f77d72ef2c218cc4a5bec12f5e532f26826,90baaa9890a2a0e2,416,625,,,Paracas textile,data/metadata/met_corpus_principal_v2_revisado.csv,2026-06-15
MET:308056,MET,308056,,The Metropolitan Museum of Art,https://www.metmuseum.org/art/collection/search/308056,https://images.metmuseum.org/CRDImages/ao/original/DP18567.jpg,https://images.metmuseum.org/CRDImages/ao/web-large/DP18567.jpg,data/images/met/308056.jpg,Embroidered Fragment,Fragmento textil,,Paracas,,5th–2nd century BCE,Peru,The Michael C. Rockefeller Wing,Textiles-Woven,Textile fragment,,,Camelid hair,,,"Overall: 4 1/4 x 5 1/4 in. (10.8 x 13.34 cm)
Other: 4 1/4 in. (10.8 cm)",,,,principal,fragmento_textil_util,mantener,,,candidato_corpus_principal,auditoria_aceptados_no_piloto,dominio_publico,isPublicDomain=True,,parcial,sin_anotar,util,,,b04d3efbedc70697d5a2377eea1d79715ec091b1265af432e2afa3dd46f39126,5169f55454377693,442,624,,,Paracas textile,data/metadata/met_corpus_principal_v2_revisado.csv,2026-06-15
MET:308057,MET,308057,,The Metropolitan Museum of Art,https://www.metmuseum.org/art/collection/search/308057,https://images.metmuseum.org/CRDImages/ao/original/DP18568.jpg,https://images.metmuseum.org/CRDImages/ao/web-large/DP18568.jpg,data/images/met/308057.jpg,Embroidered Fragment with Figures,Fragmento textil,,Paracas,,5th–2nd century BCE,Peru,The Michael C. Rockefeller Wing,Textiles-Woven,Textile fragment,,,Camelid hair,,,"Overall: 4 1/8 x 5 in. (10.46 x 12.7 cm)
Other: 4 1/8 in. (10.46 cm)",,,,principal,fragmento_textil_util,mantener,,,candidato_corpus_principal,auditoria_aceptados_no_piloto,dominio_publico,isPublicDomain=True,,parcial,sin_anotar,util,,,94f9a4e9790f7a3babe8ea1b07cfe1319a8628b0d83228269173581e590bc400,412927677767f7e3,442,624,,,Paracas textile,data/metadata/met_corpus_principal_v2_revisado.csv,2026-06-15
MET:308058,MET,308058,,The Metropolitan Museum of Art,https://www.metmuseum.org/art/collection/search/308058,https://images.metmuseum.org/CRDImages/ao/original/DP18549.jpg,https://images.metmuseum.org/CRDImages/ao/web-large/DP18549.jpg,data/images/met/308058.jpg,Embroidered Border Fragment,Fragmento textil,,Paracas,,4th–3rd century BCE,Peru,The Michael C. Rockefeller Wing,Textiles-Woven,Border Fragment,,,Camelid hair,,,"Overall: 4 x 6 1/2 in. (10.16 x 16.51 cm)
Other: 4 in. (10.16 cm)",,,,principal,fragmento_textil_util,mantener,,,candidato_corpus_principal,auditoria_aceptados_no_piloto,dominio_publico,isPublicDomain=True,,parcial,sin_anotar,util,,,1155da745c5e43496766927993ab4f62f62f50d4e9d33755824b7bb808734812,e2b2b2b0a6ca9a92,599,392,,,Paracas textile,data/metadata/met_corpus_principal_v2_revisado.csv,2026-06-15
MET:308060,MET,308060,,The Metropolitan Museum of Art,https://www.metmuseum.org/art/collection/search/308060,https://images.metmuseum.org/CRDImages/ao/original/DP18547.jpg,https://images.metmuseum.org/CRDImages/ao/web-large/DP18547.jpg,data/images/met/308060.jpg,Embroidered Border Fragment,Fragmento textil,,Paracas,,5th–4th century BCE,Peru,The Michael C. Rockefeller Wing,Textiles-Woven,Border Fragment,,,Camelid hair,,,"Overall: 4 1/2 x 13 1/4 in. (11.43 x 33.66 cm)
Other: 4 1/2 in. (11.43 cm)",,,,principal,fragmento_textil_util,mantener,,,candidato_corpus_principal,auditoria_aceptados_no_piloto,dominio_publico,isPublicDomain=True,,parcial,sin_anotar,util,,,60b907cf0b0571402944add3d28def3ca25002233870221d612ea1b2cca8fd39,ded2aaaaeaa2bcaa,245,624,,,Paracas textile,data/metadata/met_corpus_principal_v2_revisado.csv,2026-06-15
MET:308068,MET,308068,,The Metropolitan Museum of Art,https://www.metmuseum.org/art/collection/search/308068,https://images.metmuseum.org/CRDImages/ao/original/DP18539.jpg,https://images.metmuseum.org/CRDImages/ao/web-large/DP18539.jpg,data/images/met/308068.jpg,Embroidered Mantle Fragment,Manto textil,,Paracas,,5th–2nd century BCE,Peru,The Michael C. Rockefeller Wing,Textiles-Woven,Mantle fragment,,,Camelid hair,,,"Overall: 3 1/2 x 12 3/4 in. (8.89 x 32.39 cm)
Other: 3 1/2 in. (8.89 cm)",,,,principal,superficie_textil_util,mantener,,,candidato_corpus_principal,auditoria_aceptados_no_piloto,dominio_publico,isPublicDomain=True,,parcial,sin_anotar,util,,,9adc9ea4c4fb0bb5654ec5622525c7a04155d69cf3fc2aa7724b1df1076269c1,e4e4f0d0e4e0e4e0,219,623,,,Paracas textile,data/metadata/met_corpus_principal_v2_revisado.csv,2026-06-15
MET:308070,MET,308070,,The Metropolitan Museum of Art,https://www.metmuseum.org/art/collection/search/308070,https://images.metmuseum.org/CRDImages/ao/original/DP18537.jpg,https://images.metmuseum.org/CRDImages/ao/web-large/DP18537.jpg,data/images/met/308070.jpg,Embroidered Mantle Fragment,Manto textil,,Paracas,,3rd–2nd century BCE,Peru,The Michael C. Rockefeller Wing,Textiles-Woven,Mantle fragment,,,Camelid hair,,,"Overall: 5 1/8 x 7 3/8 in. (13 x 18.73 cm)
Other: 5 1/8 in. (13 cm)",,,,principal,superficie_textil_util,mantener,,,candidato_corpus_principal,auditoria_aceptados_no_piloto,dominio_publico,isPublicDomain=True,,parcial,sin_anotar,util,,,87a2f7ce221d0891f2dba36775c7d602c2ab9bbf4a5d82cd09033a81f9a2505c,92ba8ec48c9cacec,439,625,,,Paracas textile,data/metadata/met_corpus_principal_v2_revisado.csv,2026-06-15
MET:308072,MET,308072,,The Metropolitan Museum of Art,https://www.metmuseum.org/art/collection/search/308072,https://images.metmuseum.org/CRDImages/ao/original/DP18535.jpg,https://images.metmuseum.org/CRDImages/ao/web-large/DP18535.jpg,data/images/met/308072.jpg,Embroidered Mantle Fragment,Manto textil,,Paracas,,3rd–2nd century BCE,Peru,The Michael C. Rockefeller Wing,Textiles-Woven,Mantle fragment,,,Camelid hair,,,"Overall: 5 1/4 x 7 1/2 in. (13.34 x 19.05 cm)
Other: 5 1/4 in. (13.34 cm)",,,,principal,superficie_textil_util,mantener,,,candidato_corpus_principal,auditoria_aceptados_no_piloto,dominio_publico,isPublicDomain=True,,parcial,sin_anotar,util,,,6d30e8c4339464472dc0d2dc45f4a36b8c18f3ca03ce879207b3c50a179ec7b2,a6a6aeb2b6a2a28a,439,625,,,Paracas textile,data/metadata/met_corpus_principal_v2_revisado.csv,2026-06-15
MET:308076,MET,308076,,The Metropolitan Museum of Art,https://www.metmuseum.org/art/collection/search/308076,https://images.metmuseum.org/CRDImages/ao/original/33.149.41.jpg,https://images.metmuseum.org/CRDImages/ao/web-large/33.149.41.jpg,data/images/met/308076.jpg,Embroidered Mantle Fragment,Manto textil,,Paracas,,3rd–2nd century BCE,Peru,The Michael C. Rockefeller Wing,Textiles-Woven,Mantle fragment,,,Camelid hair,,,"Overall: 5 x 5 3/4 in. (12.7 x 14.61 cm)
Other: 5 in. (12.7 cm)",,,,principal,superficie_textil_util,mantener,,,candidato_corpus_principal,auditoria_aceptados_no_piloto,dominio_publico,isPublicDomain=True,,parcial,sin_anotar,util,,,3d55e3fd11899dd8f00921dd96081f6c3db977febe4c439449302120166ac088,dcccd4dcfcd4c43f,600,450,,,Paracas textile,data/metadata/met_corpus_principal_v2_revisado.csv,2026-06-15
MET:308077,MET,308077,,The Metropolitan Museum of Art,https://www.metmuseum.org/art/collection/search/308077,https://images.metmuseum.org/CRDImages/ao/original/DP18450.jpg,https://images.metmuseum.org/CRDImages/ao/web-large/DP18450.jpg,data/images/met/308077.jpg,Embroidered Mantle Fragment,Manto textil,,Paracas,,3rd–2nd century BCE,Peru,The Michael C. Rockefeller Wing,Textiles-Woven,Mantle fragment,,,Camelid hair,,,"Overall: 5 x 6 in. (12.7 x 15.24 cm)
Other: 5 in. (12.7 cm)",,,,principal,superficie_textil_util,mantener,,,candidato_corpus_principal,auditoria_aceptados_no_piloto,dominio_publico,isPublicDomain=True,,parcial,sin_anotar,util,,,8245ec4bf2f84cea5d539ba3aa5b4ef5f2c0e8c6ef00e01e85bac0a4d2402639,b6e2e2a6a6e2aaa1,547,625,,,Paracas textile,data/metadata/met_corpus_principal_v2_revisado.csv,2026-06-15
MET:308078,MET,308078,,The Metropolitan Museum of Art,https://www.metmuseum.org/art/collection/search/308078,https://images.metmuseum.org/CRDImages/ao/original/DP-27315-001.jpg,https://images.metmuseum.org/CRDImages/ao/web-large/DP-27315-001.jpg,data/images/met/308078.jpg,"Border fragment, figures with staves",Fragmento textil,,Paracas,,4th–3rd century BCE,Peru,The Michael C. Rockefeller Wing,Textiles-Woven,Fragment,,,Camelid hair,,,"Overall: 4 x 19 in. (10.16 x 48.26 cm)
Other: 4 in. (10.16 cm)",,,,principal,fragmento_textil_util,mantener,,,candidato_corpus_principal,auditoria_aceptados_no_piloto,dominio_publico,isPublicDomain=True,,parcial,sin_anotar,util,,,e35b73397fa19670fd36e60edb8316df9b82cd4a1bb986286d16768c21221f5a,ccccf0ccccf0cccc,166,625,,,Andean textile,data/metadata/met_corpus_principal_v2_revisado.csv,2026-06-15
MET:308079,MET,308079,,The Metropolitan Museum of Art,https://www.metmuseum.org/art/collection/search/308079,https://images.metmuseum.org/CRDImages/ao/original/DP18702_33.149.44.jpg,https://images.metmuseum.org/CRDImages/ao/web-large/DP18702_33.149.44.jpg,data/images/met/308079.jpg,Tapestry Panel with Stars,Panel textil,"Título oficial: Tapestry Panel with Stars. Cultura registrada: Inca. Fecha del objeto: 15th–16th century. Material registrado: Camelid hair, cotton. Clasificación museográfica: Textiles-Woven. Dimensiones: Overall: 6 3/4 x 9 3/4 in. (17.15 x 24.77 cm)
Other: 6 3/4 in. (17.15 cm).",Inca,,15th–16th century,Peru,The Michael C. Rockefeller Wing,Textiles-Woven,Panel,panel_textil,superficie_amplia,"Camelid hair, cotton",algodón; fibra de camélido,tapiz; tejido,"Overall: 6 3/4 x 9 3/4 in. (17.15 x 24.77 cm)
Other: 6 3/4 in. (17.15 cm)",,,,principal,"superficie amplia o composición visual útil detectada: ['panel', 'tapestry']",mantener,,,,corpus_principal_preliminar,dominio_publico,isPublicDomain=True,,completo,sin_anotar,util,,,2f09413f34841dd07a2e9c3eb864efb8bbda4592824a3230f60f618fb9f7c970,da8996ce9666d4b0,443,625,,,Inca textile,data/metadata/met_corpus_principal_v2_revisado.csv,2026-06-15
MET:308083,MET,308083,,The Metropolitan Museum of Art,https://www.metmuseum.org/art/collection/search/308083,https://images.metmuseum.org/CRDImages/ao/original/DP101353.jpg,https://images.metmuseum.org/CRDImages/ao/web-large/DP101353.jpg,data/images/met/308083.jpg,Tapestry Fragment,Fragmento textil,"Título oficial: Tapestry Fragment. Cultura registrada: Inca (?). Fecha del objeto: 15th–16th century. Material registrado: Camelid hair. Clasificación museográfica: Textiles-Woven. Dimensiones: Overall: 11 1/2 x 15 1/4 in. (29.21 x 38.74 cm)
Other: 11 1/2 in. (29.21 cm).",Inca (?),,15th–16th century,Peru,The Michael C. Rockefeller Wing,Textiles-Woven,Textile fragment,tapiz_textil,superficie_amplia,Camelid hair,fibra de camélido,tapiz; tejido,"Overall: 11 1/2 x 15 1/4 in. (29.21 x 38.74 cm)
Other: 11 1/2 in. (29.21 cm)",,,,principal,superficie amplia o composición visual útil detectada: ['tapestry'],mantener,,,,corpus_principal_preliminar,dominio_publico,isPublicDomain=True,,completo,sin_anotar,util,,,531ddc531012c59d61cebc1e788735f6d838903309427c3d410cc4ead1442de6,f2b2c8f4b2a8ec98,599,458,,,Inca textile,data/metadata/met_corpus_principal_v2_revisado.csv,2026-06-15
MET:308084,MET,308084,,The Metropolitan Museum of Art,https://www.metmuseum.org/art/collection/search/308084,https://images.metmuseum.org/CRDImages/ao/original/97502.jpg,https://images.metmuseum.org/CRDImages/ao/web-large/97502.jpg,data/images/met/308084.jpg,Tapestry Border Fragment,Fragmento textil,,Peruvian,,10th–14th century,Peru,The Michael C. Rockefeller Wing,Textiles-Woven,Border Fragment,,,Camelid hair,,,"Overall: 3 x 20 1/4 in. (7.62 x 51.44 cm)
Other: 3 in. (7.62 cm)",,,,principal,fragmento_textil_util,mantener,,,candidato_corpus_principal,auditoria_aceptados_no_piloto,dominio_publico,isPublicDomain=True,,parcial,sin_anotar,util,,,1ddc6e1abbfcf82916d04ff8bf00d3db5a3eaea75cc69d57e1aaee75f1e3448c,ec646c74ece47464,145,621,,,Peruvian textile,data/metadata/met_corpus_principal_v2_revisado.csv,2026-06-15
MET:308098,MET,308098,,The Metropolitan Museum of Art,https://www.metmuseum.org/art/collection/search/308098,https://images.metmuseum.org/CRDImages/ao/original/DP18454.jpg,https://images.metmuseum.org/CRDImages/ao/web-large/DP18454.jpg,data/images/met/308098.jpg,Embroidered Mantle Fragment,Manto textil,,Paracas,,3rd–2nd century BCE,Peru,The Michael C. Rockefeller Wing,Textiles-Woven,Mantle fragment,,,Camelid hair,,,"Overall: 3 x 4 in. (7.62 x 10.16 cm)
Other: 3 in. (7.62 cm)",,,,principal,superficie_textil_util,mantener,,,candidato_corpus_principal,auditoria_aceptados_no_piloto,dominio_publico,isPublicDomain=True,,parcial,sin_anotar,util,,,d02cb0cb59dd9a6a1824a181856537f7403c525d45c0909b788e828620a4e46c,9c31262a1b4f5953,522,624,,,Paracas textile,data/metadata/met_corpus_principal_v2_revisado.csv,2026-06-15
MET:308100,MET,308100,,The Metropolitan Museum of Art,https://www.metmuseum.org/art/collection/search/308100,https://images.metmuseum.org/CRDImages/ao/original/DP18575_33.149.70.jpg,https://images.metmuseum.org/CRDImages/ao/web-large/DP18575_33.149.70.jpg,data/images/met/308100.jpg,Embroidered Fragment,Fragmento textil,,Paracas,,5th–2nd century BCE,Peru,The Michael C. Rockefeller Wing,Textiles-Woven,Textile fragment,,,Camelid hair,,,"Overall: 4 x 4 1/4 in. (10.16 x 10.8 cm)
Other: 4 in. (10.16 cm)",,,,principal,fragmento_textil_util,mantener,,,candidato_corpus_principal,auditoria_aceptados_no_piloto,dominio_publico,isPublicDomain=True,,parcial,sin_anotar,util,,,a5c548e522d2cea65b7766180d6684323bc00079f55cec631109d3c823602469,d0caabed8f8fb3e9,589,624,,,Paracas textile,data/metadata/met_corpus_principal_v2_revisado.csv,2026-06-15
MET:308101,MET,308101,,The Metropolitan Museum of Art,https://www.metmuseum.org/art/collection/search/308101,https://images.metmuseum.org/CRDImages/ao/original/DP18482.jpg,https://images.metmuseum.org/CRDImages/ao/web-large/DP18482.jpg,data/images/met/308101.jpg,Embroidered Mantle Fragment,Manto textil,,Paracas,,5th–2nd century BCE,Peru,The Michael C. Rockefeller Wing,Textiles-Woven,Mantle fragment,,,Camelid hair,,,"Overall: 4 x 5 in. (10.16 x 12.7 cm)
Other: 4 in. (10.16 cm)",,,,principal,superficie_textil_util,mantener,,,candidato_corpus_principal,auditoria_aceptados_no_piloto,dominio_publico,isPublicDomain=True,,parcial,sin_anotar,util,,,22c8812903be7f5c20478231a6f8e39d639bdbec9ec3b7812b8d8fbd51563547,654a610567255569,489,625,,,Paracas textile,data/metadata/met_corpus_principal_v2_revisado.csv,2026-06-15
MET:308105,MET,308105,,The Metropolitan Museum of Art,https://www.metmuseum.org/art/collection/search/308105,https://images.metmuseum.org/CRDImages/ao/original/DP18461.jpg,https://images.metmuseum.org/CRDImages/ao/web-large/DP18461.jpg,data/images/met/308105.jpg,Embroidered Mantle Fragment,Manto textil,,Paracas,,5th–2nd century BCE,Peru,The Michael C. Rockefeller Wing,Textiles-Woven,Mantle fragment,,,Camelid hair,,,"Overall: 4 3/4 x 5 in. (12.07 x 12.7 cm)
Other: 4 3/4 in. (12.07 cm)",,,,principal,superficie_textil_util,mantener,,,candidato_corpus_principal,auditoria_aceptados_no_piloto,dominio_publico,isPublicDomain=True,,parcial,sin_anotar,util,,,13459151e6cea3542edaa714f83bcc8ef295733919451fbd550457a61f85a87c,cd94c5859fedb559,515,624,,,Paracas textile,data/metadata/met_corpus_principal_v2_revisado.csv,2026-06-15
MET:308106,MET,308106,,The Metropolitan Museum of Art,https://www.metmuseum.org/art/collection/search/308106,https://images.metmuseum.org/CRDImages/ao/original/33.149.1-67-70-76.jpg,https://images.metmuseum.org/CRDImages/ao/web-large/33.149.1-67-70-76.jpg,data/images/met/308106.jpg,Embroidered Fragment,Fragmento textil,,Paracas,,5th–2nd century BCE,Peru,The Michael C. Rockefeller Wing,Textiles-Woven,Textile fragment,,,Camelid hair,,,"Overall: 4 1/2 x 4 3/4 in. (11.43 x 12.07 cm)
Other: 4 1/2 in. (11.43 cm)",,,,principal,fragmento_textil_util,mantener,,,candidato_corpus_principal,auditoria_aceptados_no_piloto,dominio_publico,isPublicDomain=True,,parcial,sin_anotar,util,Comparte imagen con MET:308036.,DUP-003,49f07a82d488612e5ed2270ea73950fb268723d0675062e89a04b59498bf0d28,6fa683876e66321a,600,427,,,Paracas textile,data/metadata/met_corpus_principal_v2_revisado.csv,2026-06-15
MET:308113,MET,308113,,The Metropolitan Museum of Art,https://www.metmuseum.org/art/collection/search/308113,https://images.metmuseum.org/CRDImages/ao/original/DP18528.jpg,https://images.metmuseum.org/CRDImages/ao/web-large/DP18528.jpg,data/images/met/308113.jpg,Embroidered Fragment with Figure,Fragmento textil,,Paracas,,3rd–2nd century BCE,Peru,The Michael C. Rockefeller Wing,Textiles-Woven,Textile fragment,,,Camelid hair,,,Overall: 5 7/8 in. (14.92 cm),,,,principal,fragmento_textil_util,mantener,,,candidato_corpus_principal,auditoria_aceptados_no_piloto,dominio_publico,isPublicDomain=True,,parcial,sin_anotar,util,,,0a9cecd3453fe357f0b95f12f31da87266c52ce31f7758ff63b3762263d772b7,d8cc96aececa94f4,463,624,,,Paracas textile,data/metadata/met_corpus_principal_v2_revisado.csv,2026-06-15
MET:308120,MET,308120,,The Metropolitan Museum of Art,https://www.metmuseum.org/art/collection/search/308120,https://images.metmuseum.org/CRDImages/ao/original/DP-26536-001.jpg,https://images.metmuseum.org/CRDImages/ao/web-large/DP-26536-001.jpg,data/images/met/308120.jpg,Tunic,Túnica textil,"Título oficial: Tunic. Cultura registrada: Inca. Fecha del objeto: 1460–1540. Material registrado: Camelid hair, cotton. Clasificación museográfica: Textiles-Woven. Dimensiones: W. 29 3/4 in. × H. 37 in. (75.6 × 94 cm).",Inca,,1460–1540,Peru,The Michael C. Rockefeller Wing,Textiles-Woven,Tunic,tunica,superficie_amplia,"Camelid hair, cotton",algodón; fibra de camélido,tejido,W. 29 3/4 in. × H. 37 in. (75.6 × 94 cm),,,,principal,superficie amplia o composición visual útil detectada: ['tunic'],mantener,,,,corpus_principal_preliminar,dominio_publico,isPublicDomain=True,,completo,sin_anotar,util,,,171df171f1442e7a16e0cadced10415e89853ffe94a7217593b28940948f7983,8e9282d2d6dedcde,539,625,,,Inca textile,data/metadata/met_corpus_principal_v2_revisado.csv,2026-06-15
MET:308121,MET,308121,,The Metropolitan Museum of Art,https://www.metmuseum.org/art/collection/search/308121,https://images.metmuseum.org/CRDImages/ao/original/DP-29599-001.jpg,https://images.metmuseum.org/CRDImages/ao/web-large/DP-29599-001.jpg,data/images/met/308121.jpg,Four-Cornered Hat,Objeto textil,"Título oficial: Four-Cornered Hat. Cultura registrada: Wari. Fecha del objeto: 7th–9th century. Material registrado: Camelid hair, cotton. Clasificación museográfica: Textiles-Woven. Dimensiones: H. 7 in. × Circum. 22 1/2 in. (17.8 × 57.2 cm).",Wari,,7th–9th century,Peru,The Michael C. Rockefeller Wing,Textiles-Woven,Hat,sombrero_wari_iconografico,objeto_tridimensional_iconografico,"Camelid hair, cotton",algodón; fibra de camélido,tejido,H. 7 in. × Circum. 22 1/2 in. (17.8 × 57.2 cm),,,,complementario,"sombrero/cap Wari-Huari conservado por potencial iconográfico: ['hat', 'four-cornered hat']",mover,,,,corpus_principal_preliminar,dominio_publico,isPublicDomain=True,,completo,sin_anotar,util,,,4aade381751eb641e197f233e18dfba660d958aaf02c0b9c221629ded44de411,1b37cd8cbcdec8f0,593,625,,,Andean textile,data/metadata/met_corpus_secundario_v2_revisado.csv,2026-06-15
MET:308282,MET,308282,,The Metropolitan Museum of Art,https://www.metmuseum.org/art/collection/search/308282,https://images.metmuseum.org/CRDImages/ao/original/TP410.jpg,https://images.metmuseum.org/CRDImages/ao/web-large/TP410.jpg,data/images/met/308282.jpg,Panel with Figures,Panel textil,,Nasca,,7th century,Peru,The Michael C. Rockefeller Wing,Textiles-Non-Woven,Textile fragment,,,Camelid hair,,,18 x 59 1/2 in. (45.72 x 151.13 cm),,,,principal,superficie_textil_util,mantener,,,candidato_corpus_principal,auditoria_aceptados_no_piloto,dominio_publico,isPublicDomain=True,,parcial,sin_anotar,util,,,b90ea018febe444fc6de3c5df6f4469b642d7509309cb4be09ba7123f8027344,03a2b0b0b2e2ae13,597,184,,,Nasca textile,data/metadata/met_corpus_principal_v2_revisado.csv,2026-06-15
MET:308283,MET,308283,,The Metropolitan Museum of Art,https://www.metmuseum.org/art/collection/search/308283,https://images.metmuseum.org/CRDImages/ao/original/DP221260.jpg,https://images.metmuseum.org/CRDImages/ao/web-large/DP221260.jpg,data/images/met/308283.jpg,Panel with Figures,Panel textil,,Chancay,,12th–14th century,Peru,The Michael C. Rockefeller Wing,Textiles-Woven,Textile fragment,,,"Cotton, paint",,,120 x 27 1/4 in. (304.8 x 69.22 cm),,,,principal,superficie_textil_util,mantener,,,candidato_corpus_principal,auditoria_aceptados_no_piloto,dominio_publico,isPublicDomain=True,,parcial,sin_anotar,util,,,eafbdd4c5b13ea57d987bcb9f560d6ee78c218e0b2fe31b5761534a9aabbd93e,142e560a86562a14,599,505,,,Chancay textile,data/metadata/met_corpus_principal_v2_revisado.csv,2026-06-15
MET:308284,MET,308284,,The Metropolitan Museum of Art,https://www.metmuseum.org/art/collection/search/308284,https://images.metmuseum.org/CRDImages/ao/original/169776.jpg,https://images.metmuseum.org/CRDImages/ao/web-large/169776.jpg,data/images/met/308284.jpg,Panel,Panel textil,,Nasca,,7th century,Peru,The Michael C. Rockefeller Wing,Textiles-Woven,Panel,,,Camelid hair,,,33 3/8 x 63 1/4 in. (84.79 x 160.66 cm),,,,principal,superficie_textil_util,mantener,,,candidato_corpus_principal,auditoria_aceptados_no_piloto,dominio_publico,isPublicDomain=True,,parcial,sin_anotar,util,,,ee0ac167d30726181a9600dfa3c5aaf5afca4ece172e1c8ae444ad17d8ab9c38,9494aaa6b6b6b49a,350,624,,,Nasca textile,data/metadata/met_corpus_principal_v2_revisado.csv,2026-06-15
MET:308285,MET,308285,,The Metropolitan Museum of Art,https://www.metmuseum.org/art/collection/search/308285,https://images.metmuseum.org/CRDImages/ao/original/169777.jpg,https://images.metmuseum.org/CRDImages/ao/web-large/169777.jpg,data/images/met/308285.jpg,Panel,Panel textil,,Nasca,,7th century,Peru,The Michael C. Rockefeller Wing,Textiles-Woven,Panel,,,Camelid hair,,,38 x 91 in. (96.52 x 231.14 cm),,,,principal,superficie_textil_util,mantener,,,candidato_corpus_principal,auditoria_aceptados_no_piloto,dominio_publico,isPublicDomain=True,,parcial,sin_anotar,util,,,2f03a8565b456a0eb3d66f8a29c3f278cab175781c10b54ba3c13579e4a1d222,6747091947671911,581,625,,,Nasca textile,data/metadata/met_corpus_principal_v2_revisado.csv,2026-06-15
MET:308287,MET,308287,,The Metropolitan Museum of Art,https://www.metmuseum.org/art/collection/search/308287,https://images.metmuseum.org/CRDImages/ao/original/DP-41559-001.jpg,https://images.metmuseum.org/CRDImages/ao/web-large/DP-41559-001.jpg,data/images/met/308287.jpg,Tabard,,,Chimú,,1400–1600 CE,Peru,The Michael C. Rockefeller Wing,Feathers-Costumes,Tabard,,,"Cotton, feathers, plant fiber",,,H. 30 × W. 25 in. (76.2 × 63.5 cm),,,,complementario,patron_geometrico_legible,mantener,,,secundario_featherwork,auditoria_aceptados_no_piloto,dominio_publico,isPublicDomain=True,,parcial,sin_anotar,util,,,3c838767a823568edadb369323cf32666d90eab2f9cf2108d33721440b1b025f,33dcccccccccd4d6,529,625,,,Peru textile,data/metadata/met_corpus_secundario_v2_revisado.csv,2026-06-15
MET:308290,MET,308290,,The Metropolitan Museum of Art,https://www.metmuseum.org/art/collection/search/308290,https://images.metmuseum.org/CRDImages/ao/original/175775.jpg,https://images.metmuseum.org/CRDImages/ao/web-large/175775.jpg,data/images/met/308290.jpg,Fragment,Fragmento textil,,Chancay,,12th–14th century,Peru,The Michael C. Rockefeller Wing,Textiles-Woven,Panel,,,"Cotton, camelid hair",,,"Overall: 68 x 72 1/2 in. (172.72 x 184.15 cm)
Other: 68 in. (172.72 cm)",,,,principal,superficie_textil_util,mantener,,,candidato_corpus_principal,auditoria_aceptados_no_piloto,dominio_publico,isPublicDomain=True,,parcial,sin_anotar,util,,,b2781d9a60880efa25dde829434cdca3217531edf7915d1ccc50ed5ece284aa9,cdd488c6a6929225,499,625,,,Chancay textile,data/metadata/met_corpus_principal_v2_revisado.csv,2026-06-15
MET:308402,MET,308402,,The Metropolitan Museum of Art,https://www.metmuseum.org/art/collection/search/308402,https://images.metmuseum.org/CRDImages/ao/original/DP214978.jpg,https://images.metmuseum.org/CRDImages/ao/web-large/DP214978.jpg,data/images/met/308402.jpg,Feathered Tunic,Túnica textil,"Título oficial: Feathered Tunic. Cultura registrada: Chimú. Fecha del objeto: 1400 - 1700 CE. Material registrado: Cotton, feathers. Clasificación museográfica: Feathers-Containers. Dimensiones: H. 27 1/2 × W. 27 in. (69.9 × 68.6 cm).",Chimú,,1400 - 1700 CE,Peru,The Michael C. Rockefeller Wing,Feathers-Containers,Tunic,tunica,materialidad_plumas,"Cotton, feathers",algodón; plumas,trabajo con plumas,H. 27 1/2 × W. 27 in. (69.9 × 68.6 cm),,,,complementario,superficie amplia o composición visual útil detectada: ['tunic'],mantener,,,,corpus_complementario_preliminar,dominio_publico,isPublicDomain=True,,completo,sin_anotar,util,,,dd29c95cf0acf5f7c7d822e1ac59c39c7824e5a6b0074a1ed410cb6a5c0e6112,9acada94b4a6b093,600,623,,,Peruvian textile,data/metadata/met_corpus_secundario_v2_revisado.csv,2026-06-15
MET:309528,MET,309528,,The Metropolitan Museum of Art,https://www.metmuseum.org/art/collection/search/309528,https://images.metmuseum.org/CRDImages/ao/original/189514.jpg,https://images.metmuseum.org/CRDImages/ao/web-large/189514.jpg,data/images/met/309528.jpg,Band,Objeto textil,,Inca,,15th–16th century,Peru,The Michael C. Rockefeller Wing,Textiles-Woven,Band,,,Camelid hair,,,H.24 1/2 x W. 85 3/4 in. (62.2 x 217.8 cm),,,,principal,composicion_visual_util,mantener,,,revision_formato_longitudinal,auditoria_aceptados_no_piloto,dominio_publico,isPublicDomain=True,,parcial,sin_anotar,util,,,a95cc93ad39440d722d5c5e9d22735ac7a5b7057a370d35cfc86ebd75bda98bb,abd4d48dd45485a3,600,224,,,Inca textile,data/metadata/met_corpus_principal_v2_revisado.csv,2026-06-15
MET:310059,MET,310059,,The Metropolitan Museum of Art,https://www.metmuseum.org/art/collection/search/310059,https://images.metmuseum.org/CRDImages/ao/original/vs1978_412_13.jpg,https://images.metmuseum.org/CRDImages/ao/web-large/vs1978_412_13.jpg,data/images/met/310059.jpg,Painted Woven Panel,Panel textil,,Chancay,,7th–9th century,Peru,The Michael C. Rockefeller Wing,Textiles-Woven,Panel,,,"Cotton, paint",,,H. 47 3/4 x W. 53 in. (121.3 x 134.6 cm),,,,principal,superficie_textil_util,mantener,,,candidato_corpus_principal,auditoria_aceptados_no_piloto,dominio_publico,isPublicDomain=True,,parcial,sin_anotar,util,,,c6d3e126403f811b1f53a67653d85511ffdb87ae48a6ea7b4c712443aee14d30,ab92e5dbd29dae6e,600,517,,,Chancay textile,data/metadata/met_corpus_principal_v2_revisado.csv,2026-06-15
MET:310511,MET,310511,,The Metropolitan Museum of Art,https://www.metmuseum.org/art/collection/search/310511,https://images.metmuseum.org/CRDImages/ao/original/SC207345.jpg,https://images.metmuseum.org/CRDImages/ao/web-large/SC207345.jpg,data/images/met/310511.jpg,Mantle Fragment,Manto textil,,Paracas,,6th–5th century BCE,Peru; Ica Valley,The Michael C. Rockefeller Wing,Textiles-Woven,Mantle fragment,,,"Cotton, pigment",,,H. 21 x W. 70 1/2 in. (53.3 x 179.1 cm),,,,principal,superficie_textil_util,mantener,,,candidato_corpus_principal,auditoria_aceptados_no_piloto,dominio_publico,isPublicDomain=True,,parcial,sin_anotar,util,,,24d268606ad2385f915ccae8f9051be943caeb1949247e4e073775db8d452d09,c043bab2b2bc7dc2,600,400,,,Paracas textile,data/metadata/met_corpus_principal_v2_revisado.csv,2026-06-15
MET:310695,MET,310695,,The Metropolitan Museum of Art,https://www.metmuseum.org/art/collection/search/310695,https://images.metmuseum.org/CRDImages/ao/original/221102.jpg,https://images.metmuseum.org/CRDImages/ao/web-large/221102.jpg,data/images/met/310695.jpg,Openwork Headband,Banda o vincha textil,,Chancay,,12th–15th century,Peru,The Michael C. Rockefeller Wing,Textiles-Non-Woven,Headband,,,Cotton,,,H. 61 1/2 x W. 90 1/2 in. (156.2 x 229.9 cm),,,,principal,composicion_visual_util,mantener,,,revision_formato_longitudinal,auditoria_aceptados_no_piloto,dominio_publico,isPublicDomain=True,,parcial,sin_anotar,util,,,2653f1dcd3c3a8b2ec639ae601234ff5e074cad33bc35c2154657690f208d66b,c99cf9f3e6ce9bb7,478,624,,,Chancay textile,data/metadata/met_corpus_principal_v2_revisado.csv,2026-06-15
MET:310697,MET,310697,,The Metropolitan Museum of Art,https://www.metmuseum.org/art/collection/search/310697,https://images.metmuseum.org/CRDImages/ao/original/221104.jpg,https://images.metmuseum.org/CRDImages/ao/web-large/221104.jpg,data/images/met/310697.jpg,Openwork Headband,Banda o vincha textil,,Chancay,,12th–15th century,Peru,The Michael C. Rockefeller Wing,Textiles-Non-Woven,Headband,,,Cotton,,,H. 41 5/8 x W. 31 7/8 in. (105.7 x 81 cm),,,,principal,composicion_visual_util,mantener,,,revision_formato_longitudinal,auditoria_aceptados_no_piloto,dominio_publico,isPublicDomain=True,,parcial,sin_anotar,util,,,962d70dcdbf459acca69b4988c56365b541069aaee6c13cc17ed862bf9b1a041,5777511d1b05054d,600,461,,,Chancay textile,data/metadata/met_corpus_principal_v2_revisado.csv,2026-06-15
MET:310698,MET,310698,,The Metropolitan Museum of Art,https://www.metmuseum.org/art/collection/search/310698,https://images.metmuseum.org/CRDImages/ao/original/DP-26537-001.jpg,https://images.metmuseum.org/CRDImages/ao/web-large/DP-26537-001.jpg,data/images/met/310698.jpg,Headcloth,Objeto textil,,Chancay,,12th–15th century,Peru,The Michael C. Rockefeller Wing,Textiles-Non-Woven,Headband,,,Cotton,,,H x W: 24 3/4 x 23 1/2in. (62.9 x 59.7cm),,,,principal,composicion_visual_util,mantener,,,revision_formato_longitudinal,auditoria_aceptados_no_piloto,dominio_publico,isPublicDomain=True,,parcial,sin_anotar,util,,,150b9406e92e2ba651bcc6ec4e9ba2ec871e8f553addee9c67481db71b5ed68c,6579696939293561,599,562,,,Chancay textile,data/metadata/met_corpus_principal_v2_revisado.csv,2026-06-15
MET:310699,MET,310699,,The Metropolitan Museum of Art,https://www.metmuseum.org/art/collection/search/310699,https://images.metmuseum.org/CRDImages/ao/original/221106.jpg,https://images.metmuseum.org/CRDImages/ao/web-large/221106.jpg,data/images/met/310699.jpg,Openwork Headband,Banda o vincha textil,,Chancay,,10th–14th century,Peru,The Michael C. Rockefeller Wing,Textiles-Non-Woven,Headband,,,Cotton,,,H x W: 29 3/4 x 28 1/4 in. (75.6 x 71.8 cm),,,,principal,composicion_visual_util,mantener,,,revision_formato_longitudinal,auditoria_aceptados_no_piloto,dominio_publico,isPublicDomain=True,,parcial,sin_anotar,util,,,fc2ba9f7bc6109802a1384195132e67af1b8acfa34216554e1200181abeefa37,d45d7971fd6953d1,574,625,,,Chancay textile,data/metadata/met_corpus_principal_v2_revisado.csv,2026-06-15
MET:312614,MET,312614,,The Metropolitan Museum of Art,https://www.metmuseum.org/art/collection/search/312614,https://images.metmuseum.org/CRDImages/ao/original/TP411.jpg,https://images.metmuseum.org/CRDImages/ao/web-large/TP411.jpg,data/images/met/312614.jpg,Tunic Section,Túnica textil,,Wari,,7th–9th century,Peru,The Michael C. Rockefeller Wing,Textiles-Woven,Tunic fragment,,,"Camelid hair, cotton",,,H. 19 7/8 x W. 40 3/4in. (50.5 x 103.5cm),,,,principal,superficie_textil_util,mantener,,,candidato_corpus_principal,auditoria_aceptados_no_piloto,dominio_publico,isPublicDomain=True,,parcial,sin_anotar,util,,,2dede7eeec82cdec63510f84499d6b78706e1ef6e2360f836d66343c89ffbe3a,e8ec60706c7c7c74,297,624,,,Huari textile,data/metadata/met_corpus_principal_v2_revisado.csv,2026-06-15
MET:312615,MET,312615,,The Metropolitan Museum of Art,https://www.metmuseum.org/art/collection/search/312615,https://images.metmuseum.org/CRDImages/ao/original/TP412.jpg,https://images.metmuseum.org/CRDImages/ao/web-large/TP412.jpg,,Tunic Fragment,Túnica textil,"Título oficial: Tunic Fragment. Cultura registrada: Wari. Fecha del objeto: 7th–9th century. Material registrado: Camelid hair, cotton. Clasificación museográfica: Textiles-Woven. Dimensiones: H. 12 7/8  x  W. 21in. (32.7 x 53.3cm).",Wari,,7th–9th century,Peru,The Michael C. Rockefeller Wing,Textiles-Woven,Tunic fragment,tunica,superficie_amplia,"Camelid hair, cotton",algodón; fibra de camélido,tejido,H. 12 7/8  x  W. 21in. (32.7 x 53.3cm),,,,complementario,superficie amplia o composición visual útil detectada: ['tunic'],mover,imagen_no_disponible,La imagen ya no existe en el museo: las URL web-large y original devuelven 404 (verificado el 2026-10-05). Sin imagen util no cumple el criterio 6.3.2 del corpus principal.,,corpus_principal_preliminar,dominio_publico,isPublicDomain=True,,completo,sin_anotar,no_disponible,,,,,,,,,Andean textile,data/metadata/met_corpus_secundario_v2_revisado.csv,2026-06-15
MET:312669,MET,312669,,The Metropolitan Museum of Art,https://www.metmuseum.org/art/collection/search/312669,https://images.metmuseum.org/CRDImages/ao/original/1979_206_459_EX_01.jpg,https://images.metmuseum.org/CRDImages/ao/web-large/1979_206_459_EX_01.jpg,data/images/met/312669.jpg,Panel,Panel textil,,Chancay,,1100–1400,Peru,The Michael C. Rockefeller Wing,Textiles-Woven,Panel,,,"Cotton, paint",,,W. 27 1/8 × L. 59 1/2 in. (68.9 × 151.1 cm),,,,principal,superficie_textil_util,mantener,,,candidato_corpus_principal,auditoria_aceptados_no_piloto,dominio_publico,isPublicDomain=True,,parcial,sin_anotar,util,,,e0cca1cb4fd81e5547c39e83e71c8ecdeb481a675b6d77950f5ecb1475f48699,1fb2bc989ab6b43b,599,338,,,Chancay textile,data/metadata/met_corpus_principal_v2_revisado.csv,2026-06-15
MET:312674,MET,312674,,The Metropolitan Museum of Art,https://www.metmuseum.org/art/collection/search/312674,https://images.metmuseum.org/CRDImages/ao/original/DP-15008-011.jpg,https://images.metmuseum.org/CRDImages/ao/web-large/DP-15008-011.jpg,data/images/met/312674.jpg,Feathered Panel,Panel textil,"Título oficial: Feathered Panel. Cultura registrada: Wari. Fecha del objeto: 600–900 CE. Material registrado: Feathers on cotton, camelid fiber. Clasificación museográfica: Textiles-Featherwork. Dimensiones: H. 33 3/4 × W. 6 in. (85.73 × 218.44 cm).",Wari,,600–900 CE,Peru; South Coast,The Michael C. Rockefeller Wing,Textiles-Featherwork,Panel,panel_textil,materialidad_plumas,"Feathers on cotton, camelid fiber",algodón; fibra de camélido; fibra textil; plumas,trabajo con plumas,H. 33 3/4 × W. 6 in. (85.73 × 218.44 cm),,,,complementario,"superficie amplia o composición visual útil detectada: ['panel', 'featherwork']",mantener,,,,corpus_complementario_preliminar,dominio_publico,isPublicDomain=True,,completo,sin_anotar,util,,,fc8026c3bc066bd2343be2ea8f4f4fdc6ce7bf0ca9d2e9920b55ff413561f279,58a4a5e75a1a58e1,599,267,,,Andean textile,data/metadata/met_corpus_secundario_v2_revisado.csv,2026-06-15
MET:312676,MET,312676,,The Metropolitan Museum of Art,https://www.metmuseum.org/art/collection/search/312676,https://images.metmuseum.org/CRDImages/ao/original/DP-15008-005.jpg,https://images.metmuseum.org/CRDImages/ao/web-large/DP-15008-005.jpg,data/images/met/312676.jpg,Feathered Panel,Panel textil,"Título oficial: Feathered Panel. Cultura registrada: Wari. Fecha del objeto: 600–900 CE. Material registrado: Feathers, cotton, camelid hair. Clasificación museográfica: Textiles-Featherwork. Dimensiones: H. 27 1/2 x W. 83 1/2 x D. 3 1/4 in. (69.9 x 212.1 x 8.3 cm).",Wari,,600–900 CE,Peru; South Coast,The Michael C. Rockefeller Wing,Textiles-Featherwork,Panel,panel_textil,materialidad_plumas,"Feathers, cotton, camelid hair",algodón; fibra de camélido; plumas,trabajo con plumas,H. 27 1/2 x W. 83 1/2 x D. 3 1/4 in. (69.9 x 212.1 x 8.3 cm),,,,complementario,"superficie amplia o composición visual útil detectada: ['panel', 'featherwork']",mantener,,,,corpus_complementario_preliminar,dominio_publico,isPublicDomain=True,,completo,sin_anotar,util,,,d2a44030992c3cf353bd135ecb9c6a241dbf21598d48dcf16f7a10e2b364f3fc,78a2a5e75a1a58e1,599,267,,,Andean textile,data/metadata/met_corpus_secundario_v2_revisado.csv,2026-06-15
MET:312677,MET,312677,,The Metropolitan Museum of Art,https://www.metmuseum.org/art/collection/search/312677,https://images.metmuseum.org/CRDImages/ao/original/DP-15008-008.jpg,https://images.metmuseum.org/CRDImages/ao/web-large/DP-15008-008.jpg,data/images/met/312677.jpg,Feathered panel,Panel textil,"Título oficial: Feathered panel. Cultura registrada: Wari. Fecha del objeto: 650–1000 CE. Material registrado: Feathers, cotton, camelid fiber. Clasificación museográfica: Textiles-Featherwork. Dimensiones: H. 29 × W. 83 7/8 in. (73.66 × 213.04 cm).",Wari,,650–1000 CE,Peru; South Coast,The Michael C. Rockefeller Wing,Textiles-Featherwork,Panel,panel_textil,materialidad_plumas,"Feathers, cotton, camelid fiber",algodón; fibra de camélido; fibra textil; plumas,trabajo con plumas,H. 29 × W. 83 7/8 in. (73.66 × 213.04 cm),,,,complementario,"superficie amplia o composición visual útil detectada: ['panel', 'featherwork']",mantener,,,,corpus_complementario_preliminar,dominio_publico,isPublicDomain=True,,completo,sin_anotar,util,,,2f3a3d3faca599a755ab4a1794f847d3d7d974ca1c305789e22e458039f9e5ac,7880a5e65a1ad8e1,599,267,,,Andean textile,data/metadata/met_corpus_secundario_v2_revisado.csv,2026-06-15
MET:312678,MET,312678,,The Metropolitan Museum of Art,https://www.metmuseum.org/art/collection/search/312678,https://images.metmuseum.org/CRDImages/ao/original/DP-15008-013.jpg,https://images.metmuseum.org/CRDImages/ao/web-large/DP-15008-013.jpg,data/images/met/312678.jpg,Feathered Panel,Panel textil,"Título oficial: Feathered Panel. Cultura registrada: Wari. Fecha del objeto: 600–900 CE. Material registrado: Feathers on cotton, camelid hair. Clasificación museográfica: Textiles-Featherwork. Dimensiones: H. 33 1/8 × W. 87 1/2 in. (84.14 × 222.25 cm).",Wari,,600–900 CE,Peru; South Coast,The Michael C. Rockefeller Wing,Textiles-Featherwork,Panel,panel_textil,materialidad_plumas,"Feathers on cotton, camelid hair",algodón; fibra de camélido; plumas,trabajo con plumas,H. 33 1/8 × W. 87 1/2 in. (84.14 × 222.25 cm),,,,complementario,"superficie amplia o composición visual útil detectada: ['panel', 'featherwork']",mantener,,,,corpus_complementario_preliminar,dominio_publico,isPublicDomain=True,,completo,sin_anotar,util,,,a46dbafeca15d07a51a482d4c499bd37d67152ddbb239dffb683a318ff90d074,18a4a5a75a5a58c1,599,267,,,Andean textile,data/metadata/met_corpus_secundario_v2_revisado.csv,2026-06-15
MET:312679,MET,312679,,The Metropolitan Museum of Art,https://www.metmuseum.org/art/collection/search/312679,https://images.metmuseum.org/CRDImages/ao/original/DP-15008-012.jpg,https://images.metmuseum.org/CRDImages/ao/web-large/DP-15008-012.jpg,data/images/met/312679.jpg,Feathered Panel,Panel textil,"Título oficial: Feathered Panel. Cultura registrada: Wari. Fecha del objeto: 600–900 CE. Material registrado: Feathers on cotton, camelid hair. Clasificación museográfica: Textiles-Featherwork. Dimensiones: H. 31 1/2 x W. 85 1/4 in. (80 x 216.5 cm).",Wari,,600–900 CE,Peru; South Coast,The Michael C. Rockefeller Wing,Textiles-Featherwork,Panel,panel_textil,materialidad_plumas,"Feathers on cotton, camelid hair",algodón; fibra de camélido; plumas,trabajo con plumas,H. 31 1/2 x W. 85 1/4 in. (80 x 216.5 cm),,,,complementario,"superficie amplia o composición visual útil detectada: ['panel', 'featherwork']",mantener,,,,corpus_complementario_preliminar,dominio_publico,isPublicDomain=True,,completo,sin_anotar,util,,,636a91f6d733e3b92a863a7f1ef907e573a8eb1857489a70c4026c31df533225,f8a4a5a55a5adae0,599,267,,,Andean textile,data/metadata/met_corpus_secundario_v2_revisado.csv,2026-06-15
MET:312680,MET,312680,,The Metropolitan Museum of Art,https://www.metmuseum.org/art/collection/search/312680,https://images.metmuseum.org/CRDImages/ao/original/DP-15008-006.jpg,https://images.metmuseum.org/CRDImages/ao/web-large/DP-15008-006.jpg,data/images/met/312680.jpg,Feathered Panel,Panel textil,"Título oficial: Feathered Panel. Cultura registrada: Wari. Fecha del objeto: 600–900 CE. Material registrado: Feathers on cotton, camelid hair. Clasificación museográfica: Textiles-Featherwork. Dimensiones: H. 29 1/4 × W. 83 5/8 in. (74.3 × 212.41 cm).",Wari,,600–900 CE,Peru; South Coast,The Michael C. Rockefeller Wing,Textiles-Featherwork,Panel,panel_textil,materialidad_plumas,"Feathers on cotton, camelid hair",algodón; fibra de camélido; plumas,trabajo con plumas,H. 29 1/4 × W. 83 5/8 in. (74.3 × 212.41 cm),,,,complementario,"superficie amplia o composición visual útil detectada: ['panel', 'featherwork']",mantener,,,,corpus_complementario_preliminar,dominio_publico,isPublicDomain=True,,completo,sin_anotar,util,,,79132078ec9c5bbb0ec1d43c5d17b2baabce50e5320dae003cfd3c67609f9b6d,7880a5e75a5ad8c1,599,267,,,Andean textile,data/metadata/met_corpus_secundario_v2_revisado.csv,2026-06-15
MET:312681,MET,312681,,The Metropolitan Museum of Art,https://www.metmuseum.org/art/collection/search/312681,https://images.metmuseum.org/CRDImages/ao/original/DP-15008-007.jpg,https://images.metmuseum.org/CRDImages/ao/web-large/DP-15008-007.jpg,data/images/met/312681.jpg,Feathered Panel,Panel textil,"Título oficial: Feathered Panel. Cultura registrada: Wari. Fecha del objeto: 600–900 CE. Material registrado: Feathers on cotton, camelid hair. Clasificación museográfica: Textiles-Featherwork. Dimensiones: H. 28 3/4 × W. 83 1/2 in. (73.03 × 212.09 cm).",Wari,,600–900 CE,Peru; South Coast,The Michael C. Rockefeller Wing,Textiles-Featherwork,Panel,panel_textil,materialidad_plumas,"Feathers on cotton, camelid hair",algodón; fibra de camélido; plumas,trabajo con plumas,H. 28 3/4 × W. 83 1/2 in. (73.03 × 212.09 cm),,,,complementario,"superficie amplia o composición visual útil detectada: ['panel', 'featherwork']",mantener,,,,corpus_complementario_preliminar,dominio_publico,isPublicDomain=True,,completo,sin_anotar,util,,,ae3713123bac25b8b5387c1284e1be878aff6956a838bb06d27d14ef1fa02382,78a2a5e7da5ad8e1,599,267,,,Andean textile,data/metadata/met_corpus_secundario_v2_revisado.csv,2026-06-15
MET:312682,MET,312682,,The Metropolitan Museum of Art,https://www.metmuseum.org/art/collection/search/312682,https://images.metmuseum.org/CRDImages/ao/original/DP-15008-010.jpg,https://images.metmuseum.org/CRDImages/ao/web-large/DP-15008-010.jpg,data/images/met/312682.jpg,Feathered Panel,Panel textil,"Título oficial: Feathered Panel. Cultura registrada: Wari. Fecha del objeto: 600–900 CE. Material registrado: Feathers on cotton, camelid hair. Clasificación museográfica: Textiles-Featherwork. Dimensiones: H. 28 1/2 × W. 83 1/4 in. (72.39 × 211.46 cm).",Wari,,600–900 CE,Peru; South Coast,The Michael C. Rockefeller Wing,Textiles-Featherwork,Panel,panel_textil,materialidad_plumas,"Feathers on cotton, camelid hair",algodón; fibra de camélido; plumas,trabajo con plumas,H. 28 1/2 × W. 83 1/4 in. (72.39 × 211.46 cm),,,,complementario,"superficie amplia o composición visual útil detectada: ['panel', 'featherwork']",mantener,,,,corpus_complementario_preliminar,dominio_publico,isPublicDomain=True,,completo,sin_anotar,util,,,7b21f7d6fee7f221b319bc8ed2e15fc424d85bab4bf69deed8245bfd7c50e5cf,98a4a5e65a5ad861,599,267,,,Andean textile,data/metadata/met_corpus_secundario_v2_revisado.csv,2026-06-15
MET:312683,MET,312683,,The Metropolitan Museum of Art,https://www.metmuseum.org/art/collection/search/312683,https://images.metmuseum.org/CRDImages/ao/original/DP-15008-009.jpg,https://images.metmuseum.org/CRDImages/ao/web-large/DP-15008-009.jpg,data/images/met/312683.jpg,Feathered Panel,Panel textil,"Título oficial: Feathered Panel. Cultura registrada: Wari. Fecha del objeto: 600–900 CE. Material registrado: Feathers on cotton, camelid hair. Clasificación museográfica: Textiles-Featherwork. Dimensiones: H. 29 × W. 84 in. (73.66 × 213.36 cm).",Wari,,600–900 CE,Peru; South Coast,The Michael C. Rockefeller Wing,Textiles-Featherwork,Panel,panel_textil,materialidad_plumas,"Feathers on cotton, camelid hair",algodón; fibra de camélido; plumas,trabajo con plumas,H. 29 × W. 84 in. (73.66 × 213.36 cm),,,,complementario,"superficie amplia o composición visual útil detectada: ['panel', 'featherwork']",mantener,,,,corpus_complementario_preliminar,dominio_publico,isPublicDomain=True,,completo,sin_anotar,util,,,6cfdc23274857a9597b91ae5ab6637acc648a547c75030b19d8335d0406f7a38,7880a5e75a5ad8e1,599,267,,,Andean textile,data/metadata/met_corpus_secundario_v2_revisado.csv,2026-06-15
MET:312826,MET,312826,,The Metropolitan Museum of Art,https://www.metmuseum.org/art/collection/search/312826,https://images.metmuseum.org/CRDImages/ao/original/DP-28477-001.jpg,https://images.metmuseum.org/CRDImages/ao/web-large/DP-28477-001.jpg,data/images/met/312826.jpg,Miniature Dress,Objeto textil,"Título oficial: Miniature Dress. Cultura registrada: Ica. Fecha del objeto: 12th–13th century. Material registrado: Cotton, feathers. Clasificación museográfica: Textiles-Featherwork. Dimensiones: H. 8 3/4 × W. 8 5/8 in. (22.2 × 21.9 cm).",Ica,,12th–13th century,Peru; Ica Valley,The Michael C. Rockefeller Wing,Textiles-Featherwork,Miniature dress,vestimenta_textil,materialidad_plumas,"Cotton, feathers",algodón; plumas,trabajo con plumas,H. 8 3/4 × W. 8 5/8 in. (22.2 × 21.9 cm),,,,complementario,"superficie amplia o composición visual útil detectada: ['dress', 'miniature dress', 'featherwork']",mantener,,,,corpus_complementario_preliminar,dominio_publico,isPublicDomain=True,,completo,sin_anotar,util,,,f604c98b6222942dd89def93e543b5a62ea06dae5073505a7a2b34fa9f059a5f,5bb4d0ece4d0dc3a,600,596,,,Andean textile,data/metadata/met_corpus_secundario_v2_revisado.csv,2026-06-15
MET:312933,MET,312933,,The Metropolitan Museum of Art,https://www.metmuseum.org/art/collection/search/312933,https://images.metmuseum.org/CRDImages/ao/original/DP-26538-001.jpg,https://images.metmuseum.org/CRDImages/ao/web-large/DP-26538-001.jpg,data/images/met/312933.jpg,Headband,Banda o vincha textil,,Nasca,,6th–7th century,Peru,The Michael C. Rockefeller Wing,Textiles-Woven,Headdress,,,Camelid fiber,,,H. 3 x D. 56 x L. 136.25 in. (7.6 x 142.2 x 346.1 cm),,,,complementario,faja_o_banda_util_secundario,mantener,,,revision_formato_longitudinal,auditoria_aceptados_no_piloto,dominio_publico,isPublicDomain=True,,parcial,sin_anotar,util,,,922d7e0e3d6148ac989fb644c145d6781e267612afe90344a13c42df2d26df91,27e7d1f070ecfa78,599,378,,,Nasca textile,data/metadata/met_corpus_secundario_v2_revisado.csv,2026-06-15
MET:313121,MET,313121,,The Metropolitan Museum of Art,https://www.metmuseum.org/art/collection/search/313121,https://images.metmuseum.org/CRDImages/ao/original/222448.jpg,https://images.metmuseum.org/CRDImages/ao/web-large/222448.jpg,data/images/met/313121.jpg,Panel,Panel textil,,Chancay,,15th–16th century,Peru,The Michael C. Rockefeller Wing,Textiles-Woven,Panel,,,"Cotton, camelid hair",,,H. 22 1/2 x W. 98 in. (57.2 x 248.9 cm),,,,principal,superficie_textil_util,mantener,,,candidato_corpus_principal,auditoria_aceptados_no_piloto,dominio_publico,isPublicDomain=True,,parcial,sin_anotar,util,,,959fe09012a87de881f220791e6e95a26632641bc117cf58952a6f40a4d61cec,4303031313070b0b,179,625,,,Chancay textile,data/metadata/met_corpus_principal_v2_revisado.csv,2026-06-15
MET:313152,MET,313152,,The Metropolitan Museum of Art,https://www.metmuseum.org/art/collection/search/313152,https://images.metmuseum.org/CRDImages/ao/original/DP244273.jpg,https://images.metmuseum.org/CRDImages/ao/web-large/DP244273.jpg,data/images/met/313152.jpg,Tunic,Túnica textil,Título oficial: Tunic. Cultura registrada: Inca. Fecha del objeto: 1450–1550. Material registrado: Camelid hair. Clasificación museográfica: Textiles-Woven. Dimensiones: H. 22 x W. 34 in. (55.9 x 86.4 cm).,Inca,,1450–1550,Peru,The Michael C. Rockefeller Wing,Textiles-Woven,Tunic,tunica,superficie_amplia,Camelid hair,fibra de camélido,tejido,H. 22 x W. 34 in. (55.9 x 86.4 cm),,,,principal,superficie amplia o composición visual útil detectada: ['tunic'],mantener,,,,corpus_principal_preliminar,dominio_publico,isPublicDomain=True,,completo,sin_anotar,util,,,fd56ba31981777601116148d491c55fb10d130a6828c1a53aea080c3ebb52a0b,078eaaa2a690910f,600,450,,,Inca textile,data/metadata/met_corpus_principal_v2_revisado.csv,2026-06-15
MET:313153,MET,313153,,The Metropolitan Museum of Art,https://www.metmuseum.org/art/collection/search/313153,https://images.metmuseum.org/CRDImages/ao/original/DP-39316-001.jpg,https://images.metmuseum.org/CRDImages/ao/web-large/DP-39316-001.jpg,data/images/met/313153.jpg,Tunic with Felines,Túnica textil,"Título oficial: Tunic with Felines. Cultura registrada: Chimú. Fecha del objeto: 1450–1550. Material registrado: Cotton, camelid hair. Clasificación museográfica: Textiles-Woven. Dimensiones: H. 25 x  W. 70  in. (63.5 x 177.8 cm).",Chimú,,1450–1550,Peru,The Michael C. Rockefeller Wing,Textiles-Woven,Tunic,tunica,superficie_amplia,"Cotton, camelid hair",algodón; fibra de camélido,tejido,H. 25 x  W. 70  in. (63.5 x 177.8 cm),,,,principal,superficie amplia o composición visual útil detectada: ['tunic'],mantener,,,,corpus_principal_preliminar,dominio_publico,isPublicDomain=True,,completo,sin_anotar,util,,,d0f781488303c414210d5b6c8f7e9f637d6cc102ff4d622ffc7eaca3f027dafd,618cac696969710f,600,259,,,Andean textile,data/metadata/met_corpus_principal_v2_revisado.csv,2026-06-15
MET:313324,MET,313324,,The Metropolitan Museum of Art,https://www.metmuseum.org/art/collection/search/313324,https://images.metmuseum.org/CRDImages/ao/original/1979.206.1131_a.jpg,https://images.metmuseum.org/CRDImages/ao/web-large/1979.206.1131_a.jpg,data/images/met/313324.jpg,Sleeveless Tunic,Túnica textil,,Inca,,15th–early 17th century,Peru,The Michael C. Rockefeller Wing,Textiles-Woven,Tunic,,,"Cotton, camelid hair",,,H. 31 x W. 41 1/2 in. (78.7 x 105.4 cm),,,,principal,superficie_textil_util,mantener,,,candidato_corpus_principal,auditoria_aceptados_no_piloto,dominio_publico,isPublicDomain=True,,parcial,sin_anotar,util,,,2cbec114136e2cdb7cf6cf062f5db113e22278f569bbdeda6260736fd1dff221,138ccc1ebaaea686,482,625,,,Inca textile,data/metadata/met_corpus_principal_v2_revisado.csv,2026-06-15
MET:314363,MET,314363,,The Metropolitan Museum of Art,https://www.metmuseum.org/art/collection/search/314363,https://images.metmuseum.org/CRDImages/ao/original/DP221262.jpg,https://images.metmuseum.org/CRDImages/ao/web-large/DP221262.jpg,data/images/met/314363.jpg,Tunic,Túnica textil,,Nasca,,1st century BCE–2nd century CE,Peru,The Michael C. Rockefeller Wing,Textiles-Woven,Tunic,,,Camelid hair,,,H. 33 1/4 x W. 49 1/4in. (125.1 x 84.5cm),,,,principal,superficie_textil_util,mantener,,,candidato_corpus_principal,auditoria_aceptados_no_piloto,dominio_publico,isPublicDomain=True,,parcial,sin_anotar,util,,,b4affafcaa916d49d7a2502954a2c9bd136678a438dff1344053992b146ecbb2,3e1a9a96e6e4b232,599,464,,,Nasca textile,data/metadata/met_corpus_principal_v2_revisado.csv,2026-06-15
MET:314528,MET,314528,,The Metropolitan Museum of Art,https://www.metmuseum.org/art/collection/search/314528,https://images.metmuseum.org/CRDImages/ao/original/DP107698.jpg,https://images.metmuseum.org/CRDImages/ao/web-large/DP107698.jpg,data/images/met/314528.jpg,Tunic with Diamond Band,Túnica textil,,Inca,,1460–1540,Peru,The Michael C. Rockefeller Wing,Textiles-Woven,Tunic,,,"Camelid hair, cotton",,,W. 29 × L. 35 in. (73.7 × 88.9 cm),,,,principal,superficie_textil_util,mantener,,,candidato_corpus_principal,auditoria_aceptados_no_piloto,dominio_publico,isPublicDomain=True,,parcial,sin_anotar,util,,,5fffc30d5012b9a6e8a39b28e131d79c3f62fc74edd16b0f7876a62e0a253fcb,f6d6b6b7d282a2d8,560,625,,,Inca textile,data/metadata/met_corpus_principal_v2_revisado.csv,2026-06-15
MET:314614,MET,314614,,The Metropolitan Museum of Art,https://www.metmuseum.org/art/collection/search/314614,https://images.metmuseum.org/CRDImages/ao/original/DP-30090-001.jpg,https://images.metmuseum.org/CRDImages/ao/web-large/DP-30090-001.jpg,data/images/met/314614.jpg,Cap Woven with Human Hair,Objeto textil,,Inca,,14th–16th century,Peru,The Michael C. Rockefeller Wing,Textiles-Woven,Hat,,,"Camelid hair, human hair",,,Length 28 in.,,,,complementario,prenda_tridimensional_util,mantener,,,revision_prenda_accesorio,auditoria_aceptados_no_piloto,dominio_publico,isPublicDomain=True,,parcial,sin_anotar,util,,,37ba8083de58caa3b4b445acaa20c81d90ebc5c946c03ea24a52c6bc7134c3d2,071b33307968d8f8,599,619,,,Inca textile,data/metadata/met_corpus_secundario_v2_revisado.csv,2026-06-15
MET:314615,MET,314615,,The Metropolitan Museum of Art,https://www.metmuseum.org/art/collection/search/314615,https://images.metmuseum.org/CRDImages/ao/original/250581.jpg,https://images.metmuseum.org/CRDImages/ao/web-large/250581.jpg,data/images/met/314615.jpg,Woven Sling Shot,Objeto textil,,Inca,,14th–16th century,Peru,The Michael C. Rockefeller Wing,Textiles-Woven,Sling shot,,,Camelid hair,,,H x W: 3 x 128 in. (7.6 x 325.1 cm),,,,complementario,faja_o_banda_util_secundario,mantener,,,secundario_artefacto_textil,auditoria_aceptados_no_piloto,dominio_publico,isPublicDomain=True,,parcial,sin_anotar,util,,,a7ec4e0233b3a6da213520f8ccb76eea2a6089c7bb595b26d04ad7de356b75c1,7df13e9d4f32f26f,600,226,,,Inca textile,data/metadata/met_corpus_secundario_v2_revisado.csv,2026-06-15
MET:314616,MET,314616,,The Metropolitan Museum of Art,https://www.metmuseum.org/art/collection/search/314616,https://images.metmuseum.org/CRDImages/ao/original/250582.jpg,https://images.metmuseum.org/CRDImages/ao/web-large/250582.jpg,data/images/met/314616.jpg,Woven Sling Shot,Objeto textil,,Inca,,15th–18th century,Peru,The Michael C. Rockefeller Wing,Textiles-Woven,Sling shot,,,Camelid hair,,,H x W: 1 x 93in. (2.5 x 236.2cm),,,,complementario,faja_o_banda_util_secundario,mantener,,,secundario_artefacto_textil,auditoria_aceptados_no_piloto,dominio_publico,isPublicDomain=True,,parcial,sin_anotar,util,,,31fe84246ac2fb8179990e8acc83233891821120874efb02a374aa97ecff04ef,f9859cdc5871f0f2,599,280,,,Inca textile,data/metadata/met_corpus_secundario_v2_revisado.csv,2026-06-15
MET:314617,MET,314617,,The Metropolitan Museum of Art,https://www.metmuseum.org/art/collection/search/314617,https://images.metmuseum.org/CRDImages/ao/original/250583.jpg,https://images.metmuseum.org/CRDImages/ao/web-large/250583.jpg,data/images/met/314617.jpg,Woven Sling Shot,Objeto textil,,Inca,,15th–18th century,Peru,The Michael C. Rockefeller Wing,Textiles-Woven,Sling shot,,,Camelid hair,,,H x W: 7/8 x 112in. (2.2 x 284.5cm),,,,complementario,faja_o_banda_util_secundario,mantener,,,secundario_artefacto_textil,auditoria_aceptados_no_piloto,dominio_publico,isPublicDomain=True,,parcial,sin_anotar,util,,,92fef497aaaab6654c29c539647753cd6e434a5c10a3d153015680b91e2f92ca,3665ca2e3d43baf2,600,300,,,Inca textile,data/metadata/met_corpus_secundario_v2_revisado.csv,2026-06-15
MET:314620,MET,314620,,The Metropolitan Museum of Art,https://www.metmuseum.org/art/collection/search/314620,https://images.metmuseum.org/CRDImages/ao/original/DP-29602-001.jpg,https://images.metmuseum.org/CRDImages/ao/web-large/DP-29602-001.jpg,data/images/met/314620.jpg,Four-Cornered Hat,Objeto textil,,Wari,,7th–9th century,Peru,The Michael C. Rockefeller Wing,Textiles-Costumes,Hat,,,Camelid hair,,,W. 6 1/2 in. × D. 6 in. (16.5 × 15.2 cm),,,,complementario,prenda_tridimensional_util,mantener,,,revision_prenda_iconografica_prioritaria,auditoria_aceptados_no_piloto,dominio_publico,isPublicDomain=True,,parcial,sin_anotar,util,,,9b765c27c6f0ddd01785c4d7d9414e382c452a168aeea63862df28277ddae310,33cde470d8ceec71,600,544,,,Wari textile,data/metadata/met_corpus_secundario_v2_revisado.csv,2026-06-15
MET:314622,MET,314622,,The Metropolitan Museum of Art,https://www.metmuseum.org/art/collection/search/314622,https://images.metmuseum.org/CRDImages/ao/original/DP-29603-001.jpg,https://images.metmuseum.org/CRDImages/ao/web-large/DP-29603-001.jpg,data/images/met/314622.jpg,Four-Cornered Hat,Objeto textil,,Wari,,7th–9th century,Peru,The Michael C. Rockefeller Wing,Textiles-Costumes,Hat,,,Camelid hair,,,H. 4 3/4 × W. 7 1/4 in. (12.1 × 18.4 cm),,,,complementario,prenda_tridimensional_util,mantener,,,revision_prenda_iconografica_prioritaria,auditoria_aceptados_no_piloto,dominio_publico,isPublicDomain=True,,parcial,sin_anotar,util,,,f497292b2d9ff9d02a6f31bc9cb6ed7194317d2390b0ea57bd010bdaef08c6ef,0f2742d8b8e8f8f1,600,479,,,Wari textile,data/metadata/met_corpus_secundario_v2_revisado.csv,2026-06-15
MET:314623,MET,314623,,The Metropolitan Museum of Art,https://www.metmuseum.org/art/collection/search/314623,https://images.metmuseum.org/CRDImages/ao/original/DP-29604-001.jpg,https://images.metmuseum.org/CRDImages/ao/web-large/DP-29604-001.jpg,data/images/met/314623.jpg,Four-Cornered Hat,Objeto textil,Título oficial: Four-Cornered Hat. Cultura registrada: Wari. Fecha del objeto: 500–900 CE. Material registrado: Camelid fiber. Clasificación museográfica: Textiles-Costumes. Dimensiones: H. 4 7/8 x W. 6 7/8 in. (12.4 x 17.5 cm).,Wari,,500–900 CE,Peru,The Michael C. Rockefeller Wing,Textiles-Costumes,Hat,sombrero_wari_iconografico,objeto_tridimensional_iconografico,Camelid fiber,fibra de camélido; fibra textil,,H. 4 7/8 x W. 6 7/8 in. (12.4 x 17.5 cm),,,,complementario,"sombrero/cap Wari-Huari conservado por potencial iconográfico: ['hat', 'four-cornered hat']",mover,,,,corpus_principal_preliminar,dominio_publico,isPublicDomain=True,,parcial,sin_anotar,util,,,8922921191da40af6d599c21b0d726381581f324b533478ad201fa39b087e9ff,0b25ccd8f8d8d8f8,599,480,,,Andean textile,data/metadata/met_corpus_secundario_v2_revisado.csv,2026-06-15
MET:314624,MET,314624,,The Metropolitan Museum of Art,https://www.metmuseum.org/art/collection/search/314624,https://images.metmuseum.org/CRDImages/ao/original/DP-29605-001.jpg,https://images.metmuseum.org/CRDImages/ao/web-large/DP-29605-001.jpg,data/images/met/314624.jpg,Four-Cornered Hat,Objeto textil,,Wari,,8th–10th century,Peru,The Michael C. Rockefeller Wing,Textiles-Costumes,Hat,,,Camelid hair,,,H. 5 1/2 × W. 5 3/4 in. (14 × 14.6 cm),,,,complementario,prenda_tridimensional_util,mantener,,,revision_prenda_iconografica_prioritaria,auditoria_aceptados_no_piloto,dominio_publico,isPublicDomain=True,,parcial,sin_anotar,util,,,0802bbd5cdfa71059746a5362ff45a6f2ea7fbdba9c4e6ba29ef2e718c165e09,1326ca49dcec7c70,599,531,,,Wari textile,data/metadata/met_corpus_secundario_v2_revisado.csv,2026-06-15
MET:314894,MET,314894,,The Metropolitan Museum of Art,https://www.metmuseum.org/art/collection/search/314894,https://images.metmuseum.org/CRDImages/ao/original/DP230211.jpg,https://images.metmuseum.org/CRDImages/ao/web-large/DP230211.jpg,data/images/met/314894.jpg,Square Cloth with Feathered Border,Objeto textil,,Chimú,,1200 – 1400 CE,Peru,The Michael C. Rockefeller Wing,Textiles-Featherwork,Panel,,,"Feathers, camelid hair, cotton, wool",,,H x W: 12 x 2 3/8in. (30.5 x 6cm),,,,complementario,faja_o_banda_util_secundario,mantener,,,secundario_featherwork,auditoria_aceptados_no_piloto,dominio_publico,isPublicDomain=True,,parcial,sin_anotar,util,,,6b36c4c479d3cbf92f6cd85e6a1dd3dbd30b0e546b6a71817c886dd7a0312532,9edc69696969f09e,600,450,,,Andean textile,data/metadata/met_corpus_secundario_v2_revisado.csv,2026-06-15
MET:315690,MET,315690,,The Metropolitan Museum of Art,https://www.metmuseum.org/art/collection/search/315690,https://images.metmuseum.org/CRDImages/ao/original/DP18706_1987.394.642.jpg,https://images.metmuseum.org/CRDImages/ao/web-large/DP18706_1987.394.642.jpg,data/images/met/315690.jpg,Bag,Bolsa textil,"Título oficial: Bag. Cultura registrada: Inca. Fecha del objeto: 15th–16th century. Material registrado: Camelid hair, cotton. Clasificación museográfica: Textiles-Woven. Dimensiones: W. 8-1/4 in..",Inca,,15th–16th century,Peru,The Michael C. Rockefeller Wing,Textiles-Woven,Bag,bolso_textil,superficie_amplia,"Camelid hair, cotton",algodón; fibra de camélido,tejido,W. 8-1/4 in.,,,,principal,superficie amplia o composición visual útil detectada: ['bag'],mantener,,,,corpus_principal_preliminar,dominio_publico,isPublicDomain=True,,completo,sin_anotar,util,,,7c6c5776a1bd8332891eb338b9fffecabeab7fa415108ebad45eb0034b4f7bea,d8b6909e9c9a62f3,510,624,,,Inca textile,data/metadata/met_corpus_principal_v2_revisado.csv,2026-06-15
MET:315700,MET,315700,,The Metropolitan Museum of Art,https://www.metmuseum.org/art/collection/search/315700,https://images.metmuseum.org/CRDImages/ao/original/DP-26541-001.jpg,https://images.metmuseum.org/CRDImages/ao/web-large/DP-26541-001.jpg,data/images/met/315700.jpg,Embroidered bag with fringe,Bolsa textil,Título oficial: Embroidered bag with fringe. Cultura registrada: Nasca. Fecha del objeto: 7th century. Material registrado: Camelid hair. Clasificación museográfica: Textiles-Woven. Dimensiones: W. 6 in. × D. 14 1/4 in. (15.2 × 36.2 cm).,Nasca,,7th century,Peru,The Michael C. Rockefeller Wing,Textiles-Woven,Bag,bolso_textil,superficie_amplia,Camelid hair,fibra de camélido,bordado; tejido,W. 6 in. × D. 14 1/4 in. (15.2 × 36.2 cm),,,,principal,superficie amplia o composición visual útil detectada: ['bag'],mantener,,,,corpus_principal_preliminar,dominio_publico,isPublicDomain=True,,completo,sin_anotar,util,,,d60cf988bd8d5e9ed9b3360dd5b1bf39c5c0742e935eb5a7dcfc2856ded16daa,c8c4d4d4e8fcecdc,366,624,,,Andean textile,data/metadata/met_corpus_principal_v2_revisado.csv,2026-06-15
MET:315708,MET,315708,,The Metropolitan Museum of Art,https://www.metmuseum.org/art/collection/search/315708,https://images.metmuseum.org/CRDImages/ao/original/DP18703.jpg,https://images.metmuseum.org/CRDImages/ao/web-large/DP18703.jpg,data/images/met/315708.jpg,Band Fragment,Fragmento textil,,Inca,,15th–16th century,Peru,The Michael C. Rockefeller Wing,Textiles-Woven,Textile fragment,,,"Cotton, camelid hair",,,H. 3 x W. 9 3/4  in.,,,,principal,fragmento_textil_util,mantener,,,candidato_corpus_principal,auditoria_aceptados_no_piloto,dominio_publico,isPublicDomain=True,,parcial,sin_anotar,util,,,817e144a6009167d8871cdfd9c0c4b22708c23aeb98ffebb5e463d78000d0107,a68ca2cacab2b9bb,216,622,,,Inca textile,data/metadata/met_corpus_principal_v2_revisado.csv,2026-06-15
MET:315772,MET,315772,,The Metropolitan Museum of Art,https://www.metmuseum.org/art/collection/search/315772,https://images.metmuseum.org/CRDImages/ao/original/DP-26542-001.jpg,https://images.metmuseum.org/CRDImages/ao/web-large/DP-26542-001.jpg,data/images/met/315772.jpg,Headband with ornamental tassels,Banda o vincha textil,,Nasca,,6th–8th century,Peru,The Michael C. Rockefeller Wing,Textiles-Woven,Tassels,,,Camelid hair,,,H x W: 8 1/4 x 12in. (21 x 30.5cm),,,,principal,composicion_visual_util,mantener,,,revision_formato_longitudinal,auditoria_aceptados_no_piloto,dominio_publico,isPublicDomain=True,,parcial,sin_anotar,util,,,d36f0f4a198b1b87c5acd65350e4e87724e0a6eb40db3f5862d4c9ed8b397ecd,336969ccccccccc8,600,588,,,Andean textile,data/metadata/met_corpus_principal_v2_revisado.csv,2026-06-15
MET:315773,MET,315773,,The Metropolitan Museum of Art,https://www.metmuseum.org/art/collection/search/315773,https://images.metmuseum.org/CRDImages/ao/original/250471.jpg,https://images.metmuseum.org/CRDImages/ao/web-large/250471.jpg,data/images/met/315773.jpg,Sling Shot,Objeto textil,,Inca,,15th–16th century,Peru,The Michael C. Rockefeller Wing,Textiles-Woven,Sling shot,,,Camelid hair,,,L. 52 in. (132 cm),,,,complementario,faja_o_banda_util_secundario,mantener,,,secundario_artefacto_textil,auditoria_aceptados_no_piloto,dominio_publico,isPublicDomain=True,,parcial,sin_anotar,util,,,0a6c0e29f4ccb93d1f43d393e67cbf5210f1a6540500c940211635cd82e63537,59f8b8786319b071,598,275,,,Inca textile,data/metadata/met_corpus_secundario_v2_revisado.csv,2026-06-15
MET:315786,MET,315786,,The Metropolitan Museum of Art,https://www.metmuseum.org/art/collection/search/315786,https://images.metmuseum.org/CRDImages/ao/original/DT1269.jpg,https://images.metmuseum.org/CRDImages/ao/web-large/DT1269.jpg,data/images/met/315786.jpg,Shirt,Objeto textil,"Título oficial: Shirt. Cultura registrada: Moche. Fecha del objeto: 500–850 CE. Material registrado: Camelid hair, cotton. Clasificación museográfica: Textiles-Woven. Dimensiones: H. 34 1/4 x W. 58 in. (87 x 147.3 cm).",Moche,,500–850 CE,Peru; Huarmey Valley(?),The Michael C. Rockefeller Wing,Textiles-Woven,Shirt,tunica,superficie_amplia,"Camelid hair, cotton",algodón; fibra de camélido,tejido,H. 34 1/4 x W. 58 in. (87 x 147.3 cm),,,,principal,superficie amplia o composición visual útil detectada: ['shirt'],mantener,,,,corpus_principal_preliminar,dominio_publico,isPublicDomain=True,,completo,sin_anotar,util,,,13dd4dce5ec4661b9c50b09e2b544b8b5b1e96af87552331af6be5da5ebf4b9b,41baf0d4c8d0d0e0,600,480,,,Peruvian textile,data/metadata/met_corpus_principal_v2_revisado.csv,2026-06-15
MET:316340,MET,316340,,The Metropolitan Museum of Art,https://www.metmuseum.org/art/collection/search/316340,https://images.metmuseum.org/CRDImages/ao/original/DP-29622-001.jpg,https://images.metmuseum.org/CRDImages/ao/web-large/DP-29622-001.jpg,data/images/met/316340.jpg,Four-Cornered Hat,Objeto textil,,Wari,,7th–9th century,Peru,The Michael C. Rockefeller Wing,Textiles-Costumes,Hat,,,Camelid hair,,,H. 4 1/4 × Circum. 20 3/4 in. (10.8 × 52.7 cm),,,,complementario,prenda_tridimensional_util,mantener,,,revision_prenda_iconografica_prioritaria,auditoria_aceptados_no_piloto,dominio_publico,isPublicDomain=True,,parcial,sin_anotar,util,,,6aed94f1560ee01f6e2d81be2d1c4083a8bb4be71e438f32a64edf7d3417e284,1327484bc8f6f6f0,600,499,,,Wari textile,data/metadata/met_corpus_secundario_v2_revisado.csv,2026-06-15
MET:316341,MET,316341,,The Metropolitan Museum of Art,https://www.metmuseum.org/art/collection/search/316341,https://images.metmuseum.org/CRDImages/ao/original/DP-29623-001.jpg,https://images.metmuseum.org/CRDImages/ao/web-large/DP-29623-001.jpg,data/images/met/316341.jpg,Four-Cornered Hat,Objeto textil,,Wari,,7th–9th century,Peru,The Michael C. Rockefeller Wing,Textiles-Costumes,Hat,,,Camelid hair,,,H. 4 1/2 × Circum. 19 1/2 in. (11.4 × 49.5 cm),,,,complementario,prenda_tridimensional_util,mantener,,,revision_prenda_iconografica_prioritaria,auditoria_aceptados_no_piloto,dominio_publico,isPublicDomain=True,,parcial,sin_anotar,util,,,b19bb7ff26b0d793d1a2ff9e6c441cd890fc60f92c31ab50f366f8328631c156,0305f578ccdcf879,599,467,,,Wari textile,data/metadata/met_corpus_secundario_v2_revisado.csv,2026-06-15
MET:316342,MET,316342,,The Metropolitan Museum of Art,https://www.metmuseum.org/art/collection/search/316342,https://images.metmuseum.org/CRDImages/ao/original/DP-29624-001.jpg,https://images.metmuseum.org/CRDImages/ao/web-large/DP-29624-001.jpg,data/images/met/316342.jpg,Four-Cornered Hat,Objeto textil,,Wari,,7th–9th century,Peru,The Michael C. Rockefeller Wing,Textiles-Costumes,Hat,,,Camelid hair,,,H. 4 1/2 in. × Circum. 20 in. (11.4 × 50.8 cm),,,,complementario,prenda_tridimensional_util,mantener,,,revision_prenda_iconografica_prioritaria,auditoria_aceptados_no_piloto,dominio_publico,isPublicDomain=True,,parcial,sin_anotar,util,,,5a548b18439d7a5ac6d6a85ff25e119e7835f7666841d79e33ffaee47f6363e2,1f25c5c4dcdcdc79,600,470,,,Wari textile,data/metadata/met_corpus_secundario_v2_revisado.csv,2026-06-15
MET:316343,MET,316343,,The Metropolitan Museum of Art,https://www.metmuseum.org/art/collection/search/316343,https://images.metmuseum.org/CRDImages/ao/original/DP-29625-001.jpg,https://images.metmuseum.org/CRDImages/ao/web-large/DP-29625-001.jpg,data/images/met/316343.jpg,Four-Cornered Hat,Objeto textil,,Wari,,7th–9th century,Peru,The Michael C. Rockefeller Wing,Textiles-Costumes,Hat,,,Camelid hair,,,H. 4 1/2 × Diam. 20 in. (11.4 × 50.8 cm),,,,complementario,prenda_tridimensional_util,mantener,,,revision_prenda_iconografica_prioritaria,auditoria_aceptados_no_piloto,dominio_publico,isPublicDomain=True,,parcial,sin_anotar,util,,,31259f258947e022f40c2b43f4ebeaa11b30cfc22845a74a645f690137b169db,0b0f33b2bcaeecf9,599,470,,,Wari textile,data/metadata/met_corpus_secundario_v2_revisado.csv,2026-06-15
MET:316727,MET,316727,,The Metropolitan Museum of Art,https://www.metmuseum.org/art/collection/search/316727,https://images.metmuseum.org/CRDImages/ao/original/DP-29608-001.jpg,https://images.metmuseum.org/CRDImages/ao/web-large/DP-29608-001.jpg,data/images/met/316727.jpg,Four-Cornered Hat,Objeto textil,,Wari,,7th–9th century,Peru,The Michael C. Rockefeller Wing,Textiles-Costumes,Hat,,,Camelid hair,,,H. 3 1/2 × W. 5 1/2 in. (8.9 × 14 cm),,,,complementario,prenda_tridimensional_util,mantener,,,revision_prenda_iconografica_prioritaria,auditoria_aceptados_no_piloto,dominio_publico,isPublicDomain=True,,parcial,sin_anotar,util,,,312028b42060ffaa37e0dcdd62981904725f8bce1c50f7f81cac138304567b42,0b67f4e8e8fcf8b9,599,422,,,Wari textile,data/metadata/met_corpus_secundario_v2_revisado.csv,2026-06-15
MET:316822,MET,316822,,The Metropolitan Museum of Art,https://www.metmuseum.org/art/collection/search/316822,https://images.metmuseum.org/CRDImages/ao/original/lb1993_474.jpg,https://images.metmuseum.org/CRDImages/ao/web-large/lb1993_474.jpg,data/images/met/316822.jpg,Feathered Tunic,Túnica textil,"Título oficial: Feathered Tunic. Cultura registrada: Inca. Fecha del objeto: 15th–early 16th century. Material registrado: Cotton, feathers. Clasificación museográfica: Textiles-Featherwork. Dimensiones: H. 42 in. × W. 28 1/2 in. (106.7 × 72.4 cm).",Inca,,15th–early 16th century,Peru,The Michael C. Rockefeller Wing,Textiles-Featherwork,Tunic fragment,tunica,materialidad_plumas,"Cotton, feathers",algodón; plumas,trabajo con plumas,H. 42 in. × W. 28 1/2 in. (106.7 × 72.4 cm),,,,complementario,"superficie amplia o composición visual útil detectada: ['tunic', 'featherwork']",mantener,,,,corpus_complementario_preliminar,dominio_publico,isPublicDomain=True,,completo,sin_anotar,util,,,7eb298d957d20b5b5f20f62431b0d22312b48af64a1c5b24680a49e9c3aa11a1,9ea8b84cd696ccba,441,624,,,Inca textile,data/metadata/met_corpus_secundario_v2_revisado.csv,2026-06-15
MET:316892,MET,316892,,The Metropolitan Museum of Art,https://www.metmuseum.org/art/collection/search/316892,https://images.metmuseum.org/CRDImages/ao/original/DT3832rev.jpg,https://images.metmuseum.org/CRDImages/ao/web-large/DT3832rev.jpg,data/images/met/316892.jpg,Woman's Mantle (lliclla),Manto textil,Título oficial: Woman's Mantle (lliclla). Cultura registrada: Peruvian. Fecha del objeto: 17th–18th century. Material registrado: Camelid hair. Clasificación museográfica: Textiles-Woven. Dimensiones: H. 35 1/2 x W. 43 3/8 in. (90.2 x 110.2 cm).,Peruvian,,17th–18th century,Peru,The Michael C. Rockefeller Wing,Textiles-Woven,Mantle,manto,superficie_amplia,Camelid hair,fibra de camélido,tejido,H. 35 1/2 x W. 43 3/8 in. (90.2 x 110.2 cm),,,,principal,superficie amplia o composición visual útil detectada: ['mantle'],mantener,,,,corpus_principal_preliminar,dominio_publico,isPublicDomain=True,,completo,sin_anotar,util,,,d5927f773848a9380e4959202f2baf49076d0b510618fafa62a9fd588e95eb70,9e9aaade9eb6b2be,599,479,,,Andean textile,data/metadata/met_corpus_principal_v2_revisado.csv,2026-06-15
MET:316894,MET,316894,,The Metropolitan Museum of Art,https://www.metmuseum.org/art/collection/search/316894,https://images.metmuseum.org/CRDImages/ao/original/DP18602.jpg,https://images.metmuseum.org/CRDImages/ao/web-large/DP18602.jpg,data/images/met/316894.jpg,Sash Fragment with Fringe,Fragmento textil,,Peruvian,,7th–10th century,Peru,The Michael C. Rockefeller Wing,Textiles-Woven,Sash fragment,,,Camelid hair,,,Length 14-1/2 in.,,,,principal,fragmento_textil_util,mantener,,,candidato_corpus_principal,auditoria_aceptados_no_piloto,dominio_publico,isPublicDomain=True,,parcial,sin_anotar,util,,,d6afc56bbd47950c1b7e2d2ef17ca7dd0cbd4f997ebc6c2c426b64bb99c8275e,d4d0f4f4d4d4f890,221,625,,,Peruvian textile,data/metadata/met_corpus_principal_v2_revisado.csv,2026-06-15
MET:316906,MET,316906,,The Metropolitan Museum of Art,https://www.metmuseum.org/art/collection/search/316906,https://images.metmuseum.org/CRDImages/ao/original/1994.35.81.jpg,https://images.metmuseum.org/CRDImages/ao/web-large/1994.35.81.jpg,data/images/met/316906.jpg,Tunic Fragment,Túnica textil,"Título oficial: Tunic Fragment. Cultura registrada: Peruvian. Fecha del objeto: 7th–10th century. Material registrado: Cotton, camelid hair. Clasificación museográfica: Textiles-Woven. Dimensiones: Height 45-1/2 in..",Peruvian,,7th–10th century,Peru,The Michael C. Rockefeller Wing,Textiles-Woven,Tunic fragment,tunica,superficie_amplia,"Cotton, camelid hair",algodón; fibra de camélido,tejido,Height 45-1/2 in.,,,,principal,superficie amplia o composición visual útil detectada: ['tunic'],mantener,,,,corpus_principal_preliminar,dominio_publico,isPublicDomain=True,,completo,sin_anotar,util,,,bb2469fb3627e327a569f530b9e5adaee16a7f71c5123d4950421a129dd4ddbe,04320c0cf696ec70,600,303,,,Peruvian textile,data/metadata/met_corpus_principal_v2_revisado.csv,2026-06-15
MET:316910,MET,316910,,The Metropolitan Museum of Art,https://www.metmuseum.org/art/collection/search/316910,"https://images.metmuseum.org/CRDImages/ao/original/DP18680_1994.35.85,2.jpg","https://images.metmuseum.org/CRDImages/ao/web-large/DP18680_1994.35.85,2.jpg",data/images/met/316910.jpg,Sash Fragment,Fragmento textil,,Peruvian,,14th–early 16th century,Peru,The Michael C. Rockefeller Wing,Textiles-Woven,Sash fragment,,,Cotton,,,Length 271 in.,,,,principal,fragmento_textil_util,mantener,,,candidato_corpus_principal,auditoria_aceptados_no_piloto,dominio_publico,isPublicDomain=True,,parcial,sin_anotar,util,,,c5a6d3ab432e761a3e17823cd16b63ba2b7f61430c3cb7de661907774f056ba6,3637273f33278678,204,625,,,Peruvian textile,data/metadata/met_corpus_principal_v2_revisado.csv,2026-06-15
MET:316913,MET,316913,,The Metropolitan Museum of Art,https://www.metmuseum.org/art/collection/search/316913,https://images.metmuseum.org/CRDImages/ao/original/DP-41567-001.jpg,https://images.metmuseum.org/CRDImages/ao/web-large/DP-41567-001.jpg,data/images/met/316913.jpg,Chuspa (coca bag),Bolsa textil,"Título oficial: Chuspa (coca bag). Cultura registrada: Moche. Fecha del objeto: 650-850 CE. Material registrado: Cotton, camelid hair, and dye. Clasificación museográfica: Textiles-Woven. Dimensiones: H. 5 x W. 6 in. (12.7 x 15.2 cm).",Moche,,650-850 CE,Peru,The Michael C. Rockefeller Wing,Textiles-Woven,Bag,bolso_textil,superficie_amplia,"Cotton, camelid hair, and dye",algodón; fibra de camélido,tejido,H. 5 x W. 6 in. (12.7 x 15.2 cm),,,,principal,superficie amplia o composición visual útil detectada: ['bag'],mantener,,,,corpus_principal_preliminar,dominio_publico,isPublicDomain=True,,completo,sin_anotar,util,,,7f27a59a8797a27c599c4fcbd9d1a0fe4aeeb0b59df37248e05fd4876ce37229,0fceb2f2ced4d0d6,600,512,,,Andean textile,data/metadata/met_corpus_principal_v2_revisado.csv,2026-06-15
MET:316915,MET,316915,,The Metropolitan Museum of Art,https://www.metmuseum.org/art/collection/search/316915,"https://images.metmuseum.org/CRDImages/ao/original/DP18677_1994.35.90A,B.jpg","https://images.metmuseum.org/CRDImages/ao/web-large/DP18677_1994.35.90A,B.jpg",data/images/met/316915.jpg,Sash Fragments,Fragmento textil,,Peruvian,,14th–early 16th century,Peru,The Michael C. Rockefeller Wing,Textiles-Woven,Sash fragment,,,Cotton,,,Length (a) 41 in.,,,,principal,fragmento_textil_util,mantener,,,candidato_corpus_principal,auditoria_aceptados_no_piloto,dominio_publico,isPublicDomain=True,,parcial,sin_anotar,util,,,b774da5d053e09cea6f1d0a550a2a5fd812c8cb23aadea713d2979d77af95b03,8ccc8cccccccccec,264,624,,,Peruvian textile,data/metadata/met_corpus_principal_v2_revisado.csv,2026-06-15
MET:316916,MET,316916,,The Metropolitan Museum of Art,https://www.metmuseum.org/art/collection/search/316916,https://images.metmuseum.org/CRDImages/ao/original/DP18678_1994.35.91.jpg,https://images.metmuseum.org/CRDImages/ao/web-large/DP18678_1994.35.91.jpg,data/images/met/316916.jpg,Sash Fragments,Fragmento textil,,Peruvian,,14th–early 16th century,Peru,The Michael C. Rockefeller Wing,Textiles-Woven,Sash fragment,,,Cotton,,,Length (a) 21 in.,,,,principal,fragmento_textil_util,mantener,,,candidato_corpus_principal,auditoria_aceptados_no_piloto,dominio_publico,isPublicDomain=True,,parcial,sin_anotar,util,,,ac06b2661f30b09fa2087224ad6f7411fcc19918a5361402b677b85abd2f8716,a2e0a03150b0b0b8,358,623,,,Peruvian textile,data/metadata/met_corpus_principal_v2_revisado.csv,2026-06-15
MET:316921,MET,316921,,The Metropolitan Museum of Art,https://www.metmuseum.org/art/collection/search/316921,https://images.metmuseum.org/CRDImages/ao/original/DP18608.jpg,https://images.metmuseum.org/CRDImages/ao/web-large/DP18608.jpg,data/images/met/316921.jpg,Bag,Bolsa textil,,Nasca (?),,2nd–7th century,Peru,The Michael C. Rockefeller Wing,Textiles-Woven,Bag,,,Camelid hair,,,Height 3 in.,,,,principal,superficie_textil_util,mantener,,,candidato_corpus_principal,auditoria_aceptados_no_piloto,dominio_publico,isPublicDomain=True,,parcial,sin_anotar,util,,,7ecb5d4e27bbb29d5fdb3bb3dd87ee729c1289c07dfbfd648f71a1d5c7aa9a36,61cce6c9d4f09686,341,625,,,Nasca textile,data/metadata/met_corpus_principal_v2_revisado.csv,2026-06-15
MET:316925,MET,316925,,The Metropolitan Museum of Art,https://www.metmuseum.org/art/collection/search/316925,https://images.metmuseum.org/CRDImages/ao/original/DP18612.jpg,https://images.metmuseum.org/CRDImages/ao/web-large/DP18612.jpg,data/images/met/316925.jpg,Bag,Bolsa textil,,Nasca (?),,2nd–7th century,Peru,The Michael C. Rockefeller Wing,Textiles-Woven,Bag,,,Camelid hair,,,Height 5-1/2 in.,,,,principal,superficie_textil_util,mantener,,,candidato_corpus_principal,auditoria_aceptados_no_piloto,dominio_publico,isPublicDomain=True,,parcial,sin_anotar,util,,,0ae1d1a2bdf599fc3d8535fa9d63425b1bbb91b5a82b0ce58e3dbeb6d2d10d07,e498e8e2e8ccc8f2,414,625,,,Nazca textile,data/metadata/met_corpus_principal_v2_revisado.csv,2026-06-15
MET:316926,MET,316926,,The Metropolitan Museum of Art,https://www.metmuseum.org/art/collection/search/316926,https://images.metmuseum.org/CRDImages/ao/original/DP158704.jpg,https://images.metmuseum.org/CRDImages/ao/web-large/DP158704.jpg,data/images/met/316926.jpg,Feathered Bag,Bolsa textil,"Título oficial: Feathered Bag. Cultura registrada: Inca. Fecha del objeto: 15th–early 16th century. Material registrado: Cotton, feathers. Clasificación museográfica: Textiles-Featherwork. Dimensiones: H. 6 x W. 4 3/4 x D. 2 in. (15.2 x 12.1 x 5.1 cm).",Inca,,15th–early 16th century,Peru,The Michael C. Rockefeller Wing,Textiles-Featherwork,Bag,bolso_textil,materialidad_plumas,"Cotton, feathers",algodón; plumas,trabajo con plumas,H. 6 x W. 4 3/4 x D. 2 in. (15.2 x 12.1 x 5.1 cm),,,,complementario,"superficie amplia o composición visual útil detectada: ['bag', 'featherwork']",mantener,,,,corpus_complementario_preliminar,dominio_publico,isPublicDomain=True,,completo,sin_anotar,util,,,85f5655efc340918402f17bc8fa9771466023d775a4e1aecb40442847e56d882,0f3371716070710e,468,624,,,Inca textile,data/metadata/met_corpus_secundario_v2_revisado.csv,2026-06-15
MET:316928,MET,316928,,The Metropolitan Museum of Art,https://www.metmuseum.org/art/collection/search/316928,https://images.metmuseum.org/CRDImages/ao/original/vs1994.35.103a.jpg,https://images.metmuseum.org/CRDImages/ao/web-large/vs1994.35.103a.jpg,data/images/met/316928.jpg,Sling,Objeto textil,,Inca (?),,1450–1532 CE,Peru,The Michael C. Rockefeller Wing,Textiles-Woven,Sling,,,Camelid hair,,,Length 54-1/2 in.,,,,complementario,faja_o_banda_util_secundario,mantener,,,secundario_artefacto_textil,auditoria_aceptados_no_piloto,dominio_publico,isPublicDomain=True,,parcial,sin_anotar,util,,,f5b97fd73459eaab1062ecc3497a266c2dd6edefaa6f138a3d6283f5a753b6c5,71e8cc8e8be0ccf8,600,581,,,Inca textile,data/metadata/met_corpus_secundario_v2_revisado.csv,2026-06-15
MET:316931,MET,316931,,The Metropolitan Museum of Art,https://www.metmuseum.org/art/collection/search/316931,https://images.metmuseum.org/CRDImages/ao/original/1994.35.106_a.JPG,https://images.metmuseum.org/CRDImages/ao/web-large/1994.35.106_a.JPG,data/images/met/316931.jpg,Headband,Banda o vincha textil,,Peruvian,,7th–10th century,Peru,The Michael C. Rockefeller Wing,Textiles-Woven,Headband,,,Camelid hair,,,Length 179 in.,,,,principal,composicion_visual_util,mantener,,,revision_formato_longitudinal,auditoria_aceptados_no_piloto,dominio_publico,isPublicDomain=True,,parcial,sin_anotar,util,,,c4eaa331968ad0df306b06e7e8897fcb48681de9f95fdf29be0efad389316a6a,3129696565656567,416,624,,,Peruvian textile,data/metadata/met_corpus_principal_v2_revisado.csv,2026-06-15
MET:316935,MET,316935,,The Metropolitan Museum of Art,https://www.metmuseum.org/art/collection/search/316935,https://images.metmuseum.org/CRDImages/ao/original/vs1994.35.110.jpg,https://images.metmuseum.org/CRDImages/ao/web-large/vs1994.35.110.jpg,data/images/met/316935.jpg,Headband,Banda o vincha textil,,Nasca (?),,2nd–7th century,Peru,The Michael C. Rockefeller Wing,Textiles-Woven,Headband,,,"Cotton, camelid hair",,,Height 1 in.,,,,principal,composicion_visual_util,mantener,,,revision_formato_longitudinal,auditoria_aceptados_no_piloto,dominio_publico,isPublicDomain=True,,parcial,sin_anotar,util,,,5a2eee61fb8e1be2ec70750ac4daa1423a44546bcc44d5d9f419cafe4ebd9ea4,598986d49c8ec29c,600,179,,,Nazca textile,data/metadata/met_corpus_principal_v2_revisado.csv,2026-06-15
MET:316939,MET,316939,,The Metropolitan Museum of Art,https://www.metmuseum.org/art/collection/search/316939,https://images.metmuseum.org/CRDImages/ao/original/DP-13440-003.jpg,https://images.metmuseum.org/CRDImages/ao/web-large/DP-13440-003.jpg,data/images/met/316939.jpg,Miniature Tunic,Túnica textil,"Título oficial: Miniature Tunic. Cultura registrada: Inca. Fecha del objeto: 14th–early 16th century. Material registrado: Cotton, camelid hair. Clasificación museográfica: Textiles-Woven. Dimensiones: Height 4-1/2 in..",Inca,,14th–early 16th century,Peru,The Michael C. Rockefeller Wing,Textiles-Woven,Miniature tunic,tunica,superficie_amplia,"Cotton, camelid hair",algodón; fibra de camélido,tejido,Height 4-1/2 in.,,,,principal,superficie amplia o composición visual útil detectada: ['tunic'],mantener,,,,corpus_principal_preliminar,dominio_publico,isPublicDomain=True,,completo,sin_anotar,util,,,01b3e37ccb702657627c16c633af7484aa939a48c3ca9588113166654b8d70b7,c81733332f17f861,600,472,,,Inca textile,data/metadata/met_corpus_principal_v2_revisado.csv,2026-06-15
MET:316943,MET,316943,,The Metropolitan Museum of Art,https://www.metmuseum.org/art/collection/search/316943,https://images.metmuseum.org/CRDImages/ao/original/DP18599.jpg,https://images.metmuseum.org/CRDImages/ao/web-large/DP18599.jpg,data/images/met/316943.jpg,Feathered Band,Objeto textil,,Peruvian,,14th–early 16th century,Peru,The Michael C. Rockefeller Wing,Textiles-Featherwork,Band,,,"Cotton, feathers",,,Length 16-1/4 in.,,,,complementario,faja_o_banda_util_secundario,mantener,,,secundario_featherwork,auditoria_aceptados_no_piloto,dominio_publico,isPublicDomain=True,,parcial,sin_anotar,util,,,ed7889f22339595bda8fa620b99bc8af820978854b83b506ce30c33dbdf7d46a,d4e0e2dcc2e8f4f3,193,625,,,Peruvian textile,data/metadata/met_corpus_secundario_v2_revisado.csv,2026-06-15
MET:316945,MET,316945,,The Metropolitan Museum of Art,https://www.metmuseum.org/art/collection/search/316945,https://images.metmuseum.org/CRDImages/ao/original/DP-28474-001.jpg,https://images.metmuseum.org/CRDImages/ao/web-large/DP-28474-001.jpg,data/images/met/316945.jpg,Border Fragment,Fragmento textil,,Paracas,,450–175 BCE,Peru,The Michael C. Rockefeller Wing,Textiles-Woven,Border fragment,,,"Cotton, camelid hair",,,H. 6 3/4  x W.  41 3/8 in. (17.1 x 105.1cm),,,,principal,fragmento_textil_util,mantener,,,candidato_corpus_principal,auditoria_aceptados_no_piloto,dominio_publico,isPublicDomain=True,,parcial,sin_anotar,util,,,86313b0835217ddb473784e714ddc4cefdc8287aba1909a3cb281b60bc578cdd,e1a8dcd8b2d6d01a,600,117,,,Peru textile,data/metadata/met_corpus_principal_v2_revisado.csv,2026-06-15
MET:316955,MET,316955,,The Metropolitan Museum of Art,https://www.metmuseum.org/art/collection/search/316955,https://images.metmuseum.org/CRDImages/ao/original/DP-30089-001.jpg,https://images.metmuseum.org/CRDImages/ao/web-large/DP-30089-001.jpg,data/images/met/316955.jpg,Cap,Objeto textil,,Peruvian,,7th–10th century,Peru,The Michael C. Rockefeller Wing,Textiles-Costumes,Hat,,,Camelid hair,,,Height 20 in.,,,,complementario,prenda_tridimensional_util,mantener,,,revision_prenda_accesorio,auditoria_aceptados_no_piloto,dominio_publico,isPublicDomain=True,,parcial,sin_anotar,util,,,350b6d92ac3cc39ddb2954f9dcdbb5b27e99ab231d865623f43eb3d10ebedb7c,2f2b68ccdccce471,537,625,,,Peruvian textile,data/metadata/met_corpus_secundario_v2_revisado.csv,2026-06-15
MET:316961,MET,316961,,The Metropolitan Museum of Art,https://www.metmuseum.org/art/collection/search/316961,https://images.metmuseum.org/CRDImages/ao/original/DP-30088-001.jpg,https://images.metmuseum.org/CRDImages/ao/web-large/DP-30088-001.jpg,data/images/met/316961.jpg,Feathered Cap,Objeto textil,,Peruvian,,900–1470 CE,Peru,The Michael C. Rockefeller Wing,Textiles-Featherwork,Hat,,,"Camelid hair, feathers",,,Height 11-3/4 in.,,,,complementario,faja_o_banda_util_secundario,mantener,,,secundario_featherwork,auditoria_aceptados_no_piloto,dominio_publico,isPublicDomain=True,,parcial,sin_anotar,util,,,d13ee5900bb9261eacf4419817baebb304cd5e5861d5300fd83947948f21ebac,1f5b5b187870fcb3,600,582,,,Peruvian textile,data/metadata/met_corpus_secundario_v2_revisado.csv,2026-06-15
MET:316962,MET,316962,,The Metropolitan Museum of Art,https://www.metmuseum.org/art/collection/search/316962,https://images.metmuseum.org/CRDImages/ao/original/DP-29609-001.jpg,https://images.metmuseum.org/CRDImages/ao/web-large/DP-29609-001.jpg,data/images/met/316962.jpg,Four-Cornered Hat,Objeto textil,Título oficial: Four-Cornered Hat. Cultura registrada: Wari. Fecha del objeto: 7th–9th century. Material registrado: Camelid hair. Clasificación museográfica: Textiles-Costumes. Dimensiones: H. 4 1/2 × Circum. 19 7/8 in. (11.4 × 50.5 cm).,Wari,,7th–9th century,Peru,The Michael C. Rockefeller Wing,Textiles-Costumes,Hat,sombrero_wari_iconografico,objeto_tridimensional_iconografico,Camelid hair,fibra de camélido,,H. 4 1/2 × Circum. 19 7/8 in. (11.4 × 50.5 cm),,,,complementario,"sombrero/cap Wari-Huari conservado por potencial iconográfico: ['hat', 'four-cornered hat']",mover,,,,corpus_principal_preliminar,dominio_publico,isPublicDomain=True,,parcial,sin_anotar,util,,,5ec03b6fc6251f3e57637c03cdc8c99b6f4ac5f144c375c7252471ccb27eb97d,0bb4d04ce4dcecf0,600,491,,,Andean textile,data/metadata/met_corpus_secundario_v2_revisado.csv,2026-06-15
MET:316964,MET,316964,,The Metropolitan Museum of Art,https://www.metmuseum.org/art/collection/search/316964,https://images.metmuseum.org/CRDImages/ao/original/DP-29611-001.jpg,https://images.metmuseum.org/CRDImages/ao/web-large/DP-29611-001.jpg,data/images/met/316964.jpg,Four-Cornered Hat,Objeto textil,,Wari,,7th–9th century,Peru,The Michael C. Rockefeller Wing,Textiles-Costumes,Hat,,,Camelid hair,,,H. 4 × Circum. 22 in. (10.2 × 55.9 cm),,,,complementario,prenda_tridimensional_util,mantener,,,revision_prenda_iconografica_prioritaria,auditoria_aceptados_no_piloto,dominio_publico,isPublicDomain=True,,parcial,sin_anotar,util,,,69a0025c70b8cf871f57c2f8d56b3d254cfd238901805147d2c6dec517daf1be,03649cc6e6e6ecfc,600,511,,,Wari textile,data/metadata/met_corpus_secundario_v2_revisado.csv,2026-06-15
MET:316967,MET,316967,,The Metropolitan Museum of Art,https://www.metmuseum.org/art/collection/search/316967,https://images.metmuseum.org/CRDImages/ao/original/DP-29614-001.jpg,https://images.metmuseum.org/CRDImages/ao/web-large/DP-29614-001.jpg,data/images/met/316967.jpg,Four-Cornered Hat,Objeto textil,,Wari,,7th–9th century,Peru,The Michael C. Rockefeller Wing,Textiles-Costumes,Hat,,,Camelid hair,,,H. 5 × Diam. 20 3/4 in. (12.7 × 52.7 cm),,,,complementario,prenda_tridimensional_util,mantener,,,revision_prenda_iconografica_prioritaria,auditoria_aceptados_no_piloto,dominio_publico,isPublicDomain=True,,parcial,sin_anotar,util,,,4c0ab6418040de4cee9118d71d3546193c5b5db280a1155c446a90ffe28013ac,1b2d4cd8d4ecfcf0,599,470,,,Wari textile,data/metadata/met_corpus_secundario_v2_revisado.csv,2026-06-15
MET:316968,MET,316968,,The Metropolitan Museum of Art,https://www.metmuseum.org/art/collection/search/316968,https://images.metmuseum.org/CRDImages/ao/original/DP-29615-001.jpg,https://images.metmuseum.org/CRDImages/ao/web-large/DP-29615-001.jpg,data/images/met/316968.jpg,Four-Cornered Hat,Objeto textil,,Wari,,7th–9th century,Peru,The Michael C. Rockefeller Wing,Textiles-Costumes,Hat,,,Camelid hair,,,H. 4 1/4 in. × Circum. 20 in. (10.8 × 50.8 cm),,,,complementario,prenda_tridimensional_util,mantener,,,revision_prenda_iconografica_prioritaria,auditoria_aceptados_no_piloto,dominio_publico,isPublicDomain=True,,parcial,sin_anotar,util,,,11277fdea9312e3bb822c41c4707c47904aae93794c89affc5f8d38f2374542f,0b35d4ccccfcfc78,600,462,,,Wari textile,data/metadata/met_corpus_secundario_v2_revisado.csv,2026-06-15
MET:316969,MET,316969,,The Metropolitan Museum of Art,https://www.metmuseum.org/art/collection/search/316969,https://images.metmuseum.org/CRDImages/ao/original/DP-29616-001.jpg,https://images.metmuseum.org/CRDImages/ao/web-large/DP-29616-001.jpg,data/images/met/316969.jpg,Four-Cornered Hat,Objeto textil,,Wari,,7th–9th century,Peru,The Michael C. Rockefeller Wing,Textiles-Costumes,Hat,,,Camelid hair,,,H. 5 × Circum. 20 1/2 in. (12.7 × 52.1 cm),,,,complementario,prenda_tridimensional_util,mantener,,,revision_prenda_iconografica_prioritaria,auditoria_aceptados_no_piloto,dominio_publico,isPublicDomain=True,,parcial,sin_anotar,util,,,b96e97445d702d4ccce9821c60bb1bfeeb90255997d5ab4e5fb3a6188578a924,1b237232ecdafc78,599,470,,,Wari textile,data/metadata/met_corpus_secundario_v2_revisado.csv,2026-06-15
MET:316971,MET,316971,,The Metropolitan Museum of Art,https://www.metmuseum.org/art/collection/search/316971,https://images.metmuseum.org/CRDImages/ao/original/DP-29618-001.jpg,https://images.metmuseum.org/CRDImages/ao/web-large/DP-29618-001.jpg,data/images/met/316971.jpg,Four-Cornered Hat,Objeto textil,,Wari,,7th–9th century,Peru,The Michael C. Rockefeller Wing,Textiles-Costumes,Hat,,,Camelid hair,,,H. 4 1/2 × Circum. 21 in. (11.4 × 53.3 cm),,,,complementario,prenda_tridimensional_util,mantener,,,revision_prenda_iconografica_prioritaria,auditoria_aceptados_no_piloto,dominio_publico,isPublicDomain=True,,parcial,sin_anotar,util,,,76c8330d2da7978e57994a891c7cec57866a5e3a9b81b275e23dc80ccf4bade9,2fa78fccdcd6d4f8,599,465,,,Wari textile,data/metadata/met_corpus_secundario_v2_revisado.csv,2026-06-15
MET:316972,MET,316972,,The Metropolitan Museum of Art,https://www.metmuseum.org/art/collection/search/316972,https://images.metmuseum.org/CRDImages/ao/original/DP-29619-001.jpg,https://images.metmuseum.org/CRDImages/ao/web-large/DP-29619-001.jpg,data/images/met/316972.jpg,Four-Cornered Hat,Objeto textil,,Wari,,7th–9th century,Peru,The Michael C. Rockefeller Wing,Textiles-Costumes,Hat,,,Camelid hair,,,H. 4 1/2 in. × Circum. 21 1/2 in. (11.4 × 54.6 cm),,,,complementario,prenda_tridimensional_util,mantener,,,revision_prenda_iconografica_prioritaria,auditoria_aceptados_no_piloto,dominio_publico,isPublicDomain=True,,parcial,sin_anotar,util,,,40218beccc31b3fee6bdfc966d50af622110151d0796ed0aa1c80c46eb97c163,0f07d1c8ecf4fc79,599,495,,,Wari textile,data/metadata/met_corpus_secundario_v2_revisado.csv,2026-06-15
MET:316973,MET,316973,,The Metropolitan Museum of Art,https://www.metmuseum.org/art/collection/search/316973,https://images.metmuseum.org/CRDImages/ao/original/DP-29620-001.jpg,https://images.metmuseum.org/CRDImages/ao/web-large/DP-29620-001.jpg,data/images/met/316973.jpg,Four-Cornered Hat,Objeto textil,,Wari,,7th–9th century,Peru,The Michael C. Rockefeller Wing,Textiles-Costumes,Hat,,,Camelid hair,,,H. 4 1/2 × Circum. 19 3/4 in. (11.4 × 50.2 cm),,,,complementario,prenda_tridimensional_util,mantener,,,revision_prenda_iconografica_prioritaria,auditoria_aceptados_no_piloto,dominio_publico,isPublicDomain=True,,parcial,sin_anotar,util,,,3f71cb1f06807293676bfcbb477f884968c5a472c792bf1e93b125297ebace71,0f3571d4dcdefc79,599,488,,,Wari textile,data/metadata/met_corpus_secundario_v2_revisado.csv,2026-06-15
MET:316974,MET,316974,,The Metropolitan Museum of Art,https://www.metmuseum.org/art/collection/search/316974,https://images.metmuseum.org/CRDImages/ao/original/DP-29626-001.jpg,https://images.metmuseum.org/CRDImages/ao/web-large/DP-29626-001.jpg,data/images/met/316974.jpg,Four-Cornered Hat,Objeto textil,,Wari,,8th–10th century,Peru,The Michael C. Rockefeller Wing,Textiles-Costumes,Hat,,,Camelid hair,,,H. 6 × Circum. 22 in. (15.2 × 55.9 cm),,,,complementario,prenda_tridimensional_util,mantener,,,revision_prenda_iconografica_prioritaria,auditoria_aceptados_no_piloto,dominio_publico,isPublicDomain=True,,parcial,sin_anotar,util,,,5993c29be30a42aa00bc354abff9b8893fc9e77c324b8ab4de84f72fd601a8a4,1364c4f0e8eeec79,600,508,,,Wari textile,data/metadata/met_corpus_secundario_v2_revisado.csv,2026-06-15
MET:316975,MET,316975,,The Metropolitan Museum of Art,https://www.metmuseum.org/art/collection/search/316975,https://images.metmuseum.org/CRDImages/ao/original/DP-29627-001.jpg,https://images.metmuseum.org/CRDImages/ao/web-large/DP-29627-001.jpg,data/images/met/316975.jpg,Four-Cornered Hat,Objeto textil,,Wari,,7th–10th century,Peru,The Michael C. Rockefeller Wing,Textiles-Costumes,Hat,,,Camelid hair,,,H. 4 1/2 in. × Circum. 19 1/2 in. (11.4 × 49.5 cm),,,,complementario,prenda_tridimensional_util,mantener,,,revision_prenda_iconografica_prioritaria,auditoria_aceptados_no_piloto,dominio_publico,isPublicDomain=True,,parcial,sin_anotar,util,,,3926bb6eaf2b181a374f2eec72d484fe20ab3d2597dd3309926f598977b910cd,0f3754dcdcdcdc79,600,489,,,Wari textile,data/metadata/met_corpus_secundario_v2_revisado.csv,2026-06-15
MET:316976,MET,316976,,The Metropolitan Museum of Art,https://www.metmuseum.org/art/collection/search/316976,https://images.metmuseum.org/CRDImages/ao/original/DP-29628-001.jpg,https://images.metmuseum.org/CRDImages/ao/web-large/DP-29628-001.jpg,data/images/met/316976.jpg,Four-Cornered Hat,Objeto textil,,Wari,,8th–10th century,Peru,The Michael C. Rockefeller Wing,Textiles-Costumes,Hat,,,Camelid hair,,,H. 4 1/2 × Circum. 21 1/2 in. (11.4 × 54.6 cm),,,,complementario,prenda_tridimensional_util,mantener,,,revision_prenda_iconografica_prioritaria,auditoria_aceptados_no_piloto,dominio_publico,isPublicDomain=True,,parcial,sin_anotar,util,,,1371c7bc5eadf9038e8987c4cf353b2e2e9d0ee7931b93b303c2a0c4df432992,3f37f6d0d0dee879,600,472,,,Wari textile,data/metadata/met_corpus_secundario_v2_revisado.csv,2026-06-15
MET:316977,MET,316977,,The Metropolitan Museum of Art,https://www.metmuseum.org/art/collection/search/316977,https://images.metmuseum.org/CRDImages/ao/original/DP-29629-001.jpg,https://images.metmuseum.org/CRDImages/ao/web-large/DP-29629-001.jpg,data/images/met/316977.jpg,Four-Cornered Hat,Objeto textil,,Wari,,7th–9th century,Peru,The Michael C. Rockefeller Wing,Textiles-Costumes,Hat,,,Camelid hair,,,H. 3 3/4 × Circum. 20 1/4 in. (9.5 × 51.4 cm),,,,complementario,prenda_tridimensional_util,mantener,,,revision_prenda_iconografica_prioritaria,auditoria_aceptados_no_piloto,dominio_publico,isPublicDomain=True,,parcial,sin_anotar,util,,,cc9fa96aca7dc54b8888ea1ad068b39d816a052d2d5f093c489788a98e06d247,1365dcd8ccfcfcf0,600,457,,,Wari textile,data/metadata/met_corpus_secundario_v2_revisado.csv,2026-06-15
MET:316978,MET,316978,,The Metropolitan Museum of Art,https://www.metmuseum.org/art/collection/search/316978,https://images.metmuseum.org/CRDImages/ao/original/DP-29598-001.jpg,https://images.metmuseum.org/CRDImages/ao/web-large/DP-29598-001.jpg,data/images/met/316978.jpg,Four-Cornered Hat,Objeto textil,Título oficial: Four-Cornered Hat. Cultura registrada: Tiwanaku or Wari. Fecha del objeto: 500–900 CE. Material registrado: Camelid fiber. Clasificación museográfica: Textiles-Costumes. Dimensiones: H. 7 in.  × Circum. 22 3/4 in. (17.8 × 57.8 cm).,Tiwanaku or Wari,,500–900 CE,Bolivia or Peru,The Michael C. Rockefeller Wing,Textiles-Costumes,Hat,sombrero_wari_iconografico,objeto_tridimensional_iconografico,Camelid fiber,fibra de camélido; fibra textil,,H. 7 in.  × Circum. 22 3/4 in. (17.8 × 57.8 cm),,,,complementario,"sombrero/cap Wari-Huari conservado por potencial iconográfico: ['hat', 'four-cornered hat']",mover,,,,corpus_principal_preliminar,dominio_publico,isPublicDomain=True,,parcial,sin_anotar,util,,,4bda7c6b8857dcfa0cbcc9f67ff426129e49a2dbcbe6066402e791228f5c86d8,172da4dcfcf6dcf0,593,625,,,Andean textile,data/metadata/met_corpus_secundario_v2_revisado.csv,2026-06-15
MET:316981,MET,316981,,The Metropolitan Museum of Art,https://www.metmuseum.org/art/collection/search/316981,https://images.metmuseum.org/CRDImages/ao/original/DP-29590-001.jpg,https://images.metmuseum.org/CRDImages/ao/web-large/DP-29590-001.jpg,data/images/met/316981.jpg,Four-Cornered Hat,Objeto textil,,Tiwanaku,,7th–9th century,Bolivia (?),The Michael C. Rockefeller Wing,Textiles-Costumes,Hat,,,Camelid hair,,,H. 5 × Circum. 17 1/4 in. (12.7 × 43.8 cm),,,,complementario,prenda_tridimensional_util,mantener,,,revision_prenda_iconografica_prioritaria,auditoria_aceptados_no_piloto,dominio_publico,isPublicDomain=True,,parcial,sin_anotar,util,,,a605868124dec40119f94aa49453b879104927446e087393cec8e5884d4382c7,175b0f3e38dcfce8,599,561,,,Andean textile,data/metadata/met_corpus_secundario_v2_revisado.csv,2026-06-15
MET:316983,MET,316983,,The Metropolitan Museum of Art,https://www.metmuseum.org/art/collection/search/316983,https://images.metmuseum.org/CRDImages/ao/original/DP-29592-001.jpg,https://images.metmuseum.org/CRDImages/ao/web-large/DP-29592-001.jpg,data/images/met/316983.jpg,Four-Cornered Hat,Objeto textil,,Tiwanaku,,4th–8th century,Bolivia (?),The Michael C. Rockefeller Wing,Textiles-Costumes,Hat,,,Camelid hair,,,H. 6 × Circum. 16 in. (15.2 × 40.6 cm),,,,complementario,prenda_tridimensional_util,mantener,,,revision_prenda_iconografica_prioritaria,auditoria_aceptados_no_piloto,dominio_publico,isPublicDomain=True,,parcial,sin_anotar,util,,,ce9ae4c259c91b80a5da61b61fa8270a0c293e5f5fbb6944b49159e8e864a5b1,176959d8fcdcfcf0,566,624,,,Andean textile,data/metadata/met_corpus_secundario_v2_revisado.csv,2026-06-15
MET:316988,MET,316988,,The Metropolitan Museum of Art,https://www.metmuseum.org/art/collection/search/316988,https://images.metmuseum.org/CRDImages/ao/original/DP-29630-001.jpg,https://images.metmuseum.org/CRDImages/ao/web-large/DP-29630-001.jpg,data/images/met/316988.jpg,Four-Cornered Hat,Objeto textil,,Wari,,7th–9th century,Bolivia (?),The Michael C. Rockefeller Wing,Textiles-Costumes,Hat,,,Camelid hair,,,H. 4 in. × Circum. 21 1/2 in. (10.2 × 54.6 cm),,,,complementario,prenda_tridimensional_util,mantener,,,revision_prenda_iconografica_prioritaria,auditoria_aceptados_no_piloto,dominio_publico,isPublicDomain=True,,parcial,sin_anotar,util,,,5c72fbd0780550419525ae87a07dd372a450effa35f9f6d2d22ba75397867254,1b2774b0cccafc79,600,419,,,Wari textile,data/metadata/met_corpus_secundario_v2_revisado.csv,2026-06-15
MET:317736,MET,317736,,The Metropolitan Museum of Art,https://www.metmuseum.org/art/collection/search/317736,https://images.metmuseum.org/CRDImages/ao/original/DT1275.jpg,https://images.metmuseum.org/CRDImages/ao/web-large/DT1275.jpg,data/images/met/317736.jpg,Woman's Dress,Objeto textil,Título oficial: Woman's Dress. Cultura registrada: Chuquibamba. Fecha del objeto: 14th–early 16th century. Material registrado: Camelid hair. Clasificación museográfica: Textiles-Woven. Dimensiones: H. 51 1/2  x  W. 60 1/2 in. (130.8 x 153.7 cm).,Chuquibamba,,14th–early 16th century,Peru,The Michael C. Rockefeller Wing,Textiles-Woven,Dress,vestimenta_textil,superficie_amplia,Camelid hair,fibra de camélido,tejido,H. 51 1/2  x  W. 60 1/2 in. (130.8 x 153.7 cm),,,,principal,superficie amplia o composición visual útil detectada: ['dress'],mantener,,,,corpus_principal_preliminar,dominio_publico,isPublicDomain=True,,completo,sin_anotar,util,,,41c33dbad32d637827aacfdaaba9b4b1285463f8a64495a2e2ad6e7f1741d050,faf2faf2fefade90,600,480,,,Andean textile,data/metadata/met_corpus_principal_v2_revisado.csv,2026-06-15
MET:318460,MET,318460,,The Metropolitan Museum of Art,https://www.metmuseum.org/art/collection/search/318460,https://images.metmuseum.org/CRDImages/ao/original/vsl1995_49.jpg,https://images.metmuseum.org/CRDImages/ao/web-large/vsl1995_49.jpg,data/images/met/318460.jpg,False Face for Funerary Bundle,Objeto textil,,Paracas,,3rd century BCE–1st century CE,Peru,The Michael C. Rockefeller Wing,Textiles-Woven,Mask,,,"Cotton, paint",,,15 1/2 x 9 in.  (39.37 x 22.86 cm),,,,principal,composicion_visual_util,mantener,,,revision_prenda_accesorio,auditoria_aceptados_no_piloto,dominio_publico,isPublicDomain=True,,parcial,sin_anotar,util,,,8e311f34077284b952ddc2a69a06082942f9e0f817e2a6305ec2324fe54e0fd4,61e0c48282929a9a,437,624,,,Paracas textile,data/metadata/met_corpus_principal_v2_revisado.csv,2026-06-15
MET:318529,MET,318529,,The Metropolitan Museum of Art,https://www.metmuseum.org/art/collection/search/318529,https://images.metmuseum.org/CRDImages/ao/original/DP-28476-001.jpg,https://images.metmuseum.org/CRDImages/ao/web-large/DP-28476-001.jpg,data/images/met/318529.jpg,Tunic,Túnica textil,"Título oficial: Tunic. Cultura registrada: Arica(?). Fecha del objeto: 15th–early 16th century. Material registrado: Camelid hair, feathers. Clasificación museográfica: Textiles-Woven. Dimensiones: H. 35-1/4 x W. 54 1/2 in..",Arica(?),,15th–early 16th century,Chile,The Michael C. Rockefeller Wing,Textiles-Woven,Tunic,tunica,materialidad_plumas,"Camelid hair, feathers",fibra de camélido; plumas,tejido; trabajo con plumas,H. 35-1/4 x W. 54 1/2 in.,,,,complementario,superficie amplia o composición visual útil detectada: ['tunic'],mantener,,,,corpus_complementario_preliminar,dominio_publico,isPublicDomain=True,,completo,sin_anotar,util,,,1181052874905662d2720ff35ee34254d17e63b985f247c466ff774391b29834,cce4b2d8cce4e4f0,600,407,,,Andean textile,data/metadata/met_corpus_secundario_v2_revisado.csv,2026-06-15
MET:318746,MET,318746,,The Metropolitan Museum of Art,https://www.metmuseum.org/art/collection/search/318746,https://images.metmuseum.org/CRDImages/ao/original/2001.172_b.jpg,https://images.metmuseum.org/CRDImages/ao/web-large/2001.172_b.jpg,data/images/met/318746.jpg,Belt,Faja textil,,Recuay,,200–700 CE,Peru,The Michael C. Rockefeller Wing,Textiles-Woven,Belt,,,Camelid fiber,,,W. 3 7/8 × L. 61 in. (9.8 × 154.9 cm),,,,principal,composicion_visual_util,mantener,,,revision_formato_longitudinal,auditoria_aceptados_no_piloto,dominio_publico,isPublicDomain=True,,parcial,sin_anotar,util,,,a2453efa58bfd7c7ac9bcdba94d8e2c3ce6c7f4e3e675a35127940bc9c4b0ed5,3131313131313131,239,625,,,Huari textile,data/metadata/met_corpus_principal_v2_revisado.csv,2026-06-15
MET:319523,MET,319523,,The Metropolitan Museum of Art,https://www.metmuseum.org/art/collection/search/319523,https://images.metmuseum.org/CRDImages/ao/original/hzTR554_2004.jpg,https://images.metmuseum.org/CRDImages/ao/web-large/hzTR554_2004.jpg,data/images/met/319523.jpg,Tunic Panel,Túnica textil,,Nasca,,600–1000,Peru,The Michael C. Rockefeller Wing,Textiles-Featherwork,Tunic panel,,,"Cotton, feathers",,,H. 37 x W. 51 in. (94 x 129.5 cm),,,,complementario,patron_geometrico_legible,mantener,,,secundario_featherwork,auditoria_aceptados_no_piloto,dominio_publico,isPublicDomain=True,,parcial,sin_anotar,util,,,85f12ff5512d1e5dd947dbbe7ab036f9d38eced2c690c3a0025a41cf902d2d17,aaaa4e4d61614696,599,435,,,Nazca textile,data/metadata/met_corpus_secundario_v2_revisado.csv,2026-06-15
MET:319524,MET,319524,,The Metropolitan Museum of Art,https://www.metmuseum.org/art/collection/search/319524,https://images.metmuseum.org/CRDImages/ao/original/2004.406_detail.jpg,https://images.metmuseum.org/CRDImages/ao/web-large/2004.406_detail.jpg,data/images/met/319524.jpg,Fragmentary Woman's Dress,Fragmento textil,Título oficial: Fragmentary Woman's Dress. Cultura registrada: Inca. Fecha del objeto: 15th–early 16th century. Material registrado: Camelid fiber. Clasificación museográfica: Textiles-Woven. Dimensiones: H. 47 1/2  x  W. 33 in. (120.7 x 83.8 cm).,Inca,,15th–early 16th century,Peru,The Michael C. Rockefeller Wing,Textiles-Woven,Dress fragment,vestimenta_textil,superficie_amplia,Camelid fiber,fibra de camélido; fibra textil,tejido,H. 47 1/2  x  W. 33 in. (120.7 x 83.8 cm),,,,principal,superficie amplia o composición visual útil detectada: ['dress'],mantener,,,,corpus_principal_preliminar,dominio_publico,isPublicDomain=True,,completo,sin_anotar,util,,,3d2beace965c9f612488ebad86fc2d30b3c7c1ab969c66370d19081ad9d6ea13,490e961608b46719,416,624,,,Inca textile,data/metadata/met_corpus_principal_v2_revisado.csv,2026-06-15
MET:319574,MET,319574,,The Metropolitan Museum of Art,https://www.metmuseum.org/art/collection/search/319574,https://images.metmuseum.org/CRDImages/ao/original/DP120795.jpg,https://images.metmuseum.org/CRDImages/ao/web-large/DP120795.jpg,data/images/met/319574.jpg,Tunic,Túnica textil,Título oficial: Tunic. Cultura registrada: Inca. Fecha del objeto: 1400–1530. Material registrado: Camelid fiber. Clasificación museográfica: Textiles-Woven. Dimensiones: H. 33 x  W. 30 in. (83.8 x 76.2 cm).,Inca,,1400–1530,Peru,The Michael C. Rockefeller Wing,Textiles-Woven,Tunic,tunica,superficie_amplia,Camelid fiber,fibra de camélido; fibra textil,tejido,H. 33 x  W. 30 in. (83.8 x 76.2 cm),,,,principal,superficie amplia o composición visual útil detectada: ['tunic'],mantener,,,,corpus_principal_preliminar,dominio_publico,isPublicDomain=True,,completo,sin_anotar,util,,,c4be16fabdddba5af3caa34c1e98b410c1b3266e2a9726d8f3edf2f5d34dca37,cad2d2d2cedacac6,595,624,,,Inca textile,data/metadata/met_corpus_principal_v2_revisado.csv,2026-06-15
MET:320054,MET,320054,,The Metropolitan Museum of Art,https://www.metmuseum.org/art/collection/search/320054,https://images.metmuseum.org/CRDImages/ao/original/DP107700.jpg,https://images.metmuseum.org/CRDImages/ao/web-large/DP107700.jpg,data/images/met/320054.jpg,Miniature tabard,Objeto textil,"Título oficial: Miniature tabard. Cultura registrada: Inca and Spanish. Fecha del objeto: 1600–1700. Material registrado: Cotton, camelid hair, silk, metal. Clasificación museográfica: Textiles-Woven. Dimensiones: H. 14 1/2 x W. 11 in. (36.8 x 27.9 cm).",Inca and Spanish,,1600–1700,Bolivia or Peru,The Michael C. Rockefeller Wing,Textiles-Woven,Tunic,tunica,superficie_amplia,"Cotton, camelid hair, silk, metal",algodón; fibra de camélido,tejido,H. 14 1/2 x W. 11 in. (36.8 x 27.9 cm),,,,principal,superficie amplia o composición visual útil detectada: ['tunic'],mantener,,,,corpus_principal_preliminar,dominio_publico,isPublicDomain=True,,completo,sin_anotar,util,,,e19ba85d9c8862343c72d9c157172a9975e5e8ff59d1fbf875ff3076d8136a30,f8d4ccccf0d4c4f4,494,624,,,Andean textile,data/metadata/met_corpus_principal_v2_revisado.csv,2026-06-15
MET:320804,MET,320804,,The Metropolitan Museum of Art,https://www.metmuseum.org/art/collection/search/320804,https://images.metmuseum.org/CRDImages/ao/original/TR.489.2010_a.jpg,https://images.metmuseum.org/CRDImages/ao/web-large/TR.489.2010_a.jpg,data/images/met/320804.jpg,Hanging (?) Fragment,Fragmento textil,"Título oficial: Hanging (?) Fragment. Cultura registrada: Peruvian. Fecha del objeto: late 16th–17th century. Material registrado: Camelid hair, cotton. Clasificación museográfica: Textiles-Woven. Dimensiones: H. 48 x W. 23 in. (121.9 x 58.4 cm).",Peruvian,,late 16th–17th century,Peru,The Michael C. Rockefeller Wing,Textiles-Woven,Tapestry fragment,tapiz_textil,superficie_amplia,"Camelid hair, cotton",algodón; fibra de camélido,tejido,H. 48 x W. 23 in. (121.9 x 58.4 cm),,,,principal,"superficie amplia o composición visual útil detectada: ['hanging', 'tapestry']",mantener,,,,corpus_principal_preliminar,dominio_publico,isPublicDomain=True,,completo,sin_anotar,util,,,76407bd359709fbb42a17f95d8b1dd1c8b73475e8dcecba0c37fb757f6d8d098,a68adada9a9a9a9a,324,624,,,Peruvian textile,data/metadata/met_corpus_principal_v2_revisado.csv,2026-06-15
MET:675980,MET,675980,,The Metropolitan Museum of Art,https://www.metmuseum.org/art/collection/search/675980,https://images.metmuseum.org/CRDImages/ao/original/DP-21885-001.jpg,https://images.metmuseum.org/CRDImages/ao/web-large/DP-21885-001.jpg,data/images/met/675980.jpg,Tunic,Túnica textil,"Título oficial: Tunic. Cultura registrada: Wari. Fecha del objeto: 650–1000 CE. Material registrado: Cotton, camelid hair. Clasificación museográfica: Textiles-Woven. Dimensiones: L. 40 3/4 x W. 39 3/4 in. (103.5 x 101 cm) approximately.",Wari,,650–1000 CE,Andean region,The Michael C. Rockefeller Wing,Textiles-Woven,Tunic,tunica,superficie_amplia,"Cotton, camelid hair",algodón; fibra de camélido,tejido,L. 40 3/4 x W. 39 3/4 in. (103.5 x 101 cm) approximately,,,,principal,superficie amplia o composición visual útil detectada: ['tunic'],mantener,,,,corpus_principal_preliminar,dominio_publico,isPublicDomain=True,,completo,sin_anotar,util,,,9269d1f5470d38570a26a8d95781f8d42aee17777e898606341c22c4ceff5e6f,c8cc494c4c4ccce4,600,606,,,Andean textile,data/metadata/met_corpus_principal_v2_revisado.csv,2026-06-15
MET:751900,MET,751900,,The Metropolitan Museum of Art,https://www.metmuseum.org/art/collection/search/751900,https://images.metmuseum.org/CRDImages/ao/original/DP-14285-001.jpg,https://images.metmuseum.org/CRDImages/ao/web-large/DP-14285-001.jpg,data/images/met/751900.jpg,Votive checkerboard tunic,Túnica textil,Título oficial: Votive checkerboard tunic. Cultura registrada: Inca. Fecha del objeto: 1460–1626. Material registrado: Camelid fiber. Clasificación museográfica: Textiles-Costumes. Dimensiones: H. 20 5/8 × W. 16 1/2 in. (52.4 × 41.9 cm).,Inca,,1460–1626,"Argentina, Bolivia, Chile, or Peru",The Michael C. Rockefeller Wing,Textiles-Costumes,Tunic,tunica,superficie_amplia,Camelid fiber,fibra de camélido; fibra textil,,H. 20 5/8 × W. 16 1/2 in. (52.4 × 41.9 cm),,,,principal,superficie amplia o composición visual útil detectada: ['tunic'],mantener,,,,corpus_principal_preliminar,dominio_publico,isPublicDomain=True,,parcial,sin_anotar,util,,,7e2a49a5100781679a64bee8349f266c5c94cb8cb04c2b0c08153fb231ad1787,0bc4e8f0d4ccf497,525,625,,,Andean textile,data/metadata/met_corpus_principal_v2_revisado.csv,2026-06-15
MET:833953,MET,833953,,The Metropolitan Museum of Art,https://www.metmuseum.org/art/collection/search/833953,https://images.metmuseum.org/CRDImages/ao/original/DP-18736-001.jpg,https://images.metmuseum.org/CRDImages/ao/web-large/DP-18736-001.jpg,data/images/met/833953.jpg,Tapestry Tunic,Túnica textil,Título oficial: Tapestry Tunic. Cultura registrada: Wari. Fecha del objeto: 7th–9th century. Material registrado: Camelid wool. Clasificación museográfica: Textiles-Woven. Dimensiones: H. 42 11/16 × W. 42 15/16 in. (108.5 × 109 cm).,Wari,,7th–9th century,Peru,The Michael C. Rockefeller Wing,Textiles-Woven,Tunic,tunica,superficie_amplia,Camelid wool,fibra de camélido; lana,tapiz; tejido,H. 42 11/16 × W. 42 15/16 in. (108.5 × 109 cm),,,,principal,"superficie amplia o composición visual útil detectada: ['tunic', 'tapestry']",mantener,,,,corpus_principal_preliminar,dominio_publico,isPublicDomain=True,,completo,sin_anotar,util,,,19263387d489c0c1b7f5493f2cca893715daeae338b35d6e7a1d704fb271930e,a82aaaaaaeaa8abc,591,624,,,Andean textile,data/metadata/met_corpus_principal_v2_revisado.csv,2026-06-15
CMA:102924,CMA,102924,1921.1550,Cleveland Museum of Art,https://clevelandart.org/art/1921.1550,https://openaccess-cdn.clevelandart.org/1921.1550/1921.1550_web.jpg,,data/images/cma/102924.jpg,Fragment of a Border,,,"Peru, South Coast, Paracas, Late Period",,300–100 BCE,,Textiles,Textile,Textile,,,,,cotton plain cloth embroidered in wool outline stitch,,,,,principal,mantener,aceptar_principal,mantener,,candidate,revision_manual_cma_v2,cc0,share_license_status=CC0,,parcial,sin_anotar,util,,,de9ee8775917a1e9a6025397fe227bf282325db442f6c74e401ea848f634a08b,6c6868e6d4f2a2ec,303,893,paracas; peru; south coast,cloth; cotton; textile; wool,Paracas textile; Peru textile; South Coast textile,data/metadata/cma_corpus_principal_revisado.csv,
CMA:104234,CMA,104234,1922.389,Cleveland Museum of Art,https://clevelandart.org/art/1922.389,https://openaccess-cdn.clevelandart.org/1922.389/1922.389_web.jpg,,data/images/cma/104234.jpg,Fragment Composed of Two Fabrics Joined,,,"Peru, Central Coast, Chancay, 12th-15th century",,c. 1100–1400,,Textiles,Textile,Textile,,,,,plain compound twill and plain compound tabby; cotton,,,,,principal,mantener,aceptar_principal,mantener,,candidate,revision_manual_cma_v2,cc0,share_license_status=CC0,,parcial,sin_anotar,util,,,731182bba04eabb294acc242316cdd600a2a0a62a791f6880116ad8a3698d0ba,9aaebabebeeab2ba,1124,893,chancay; peru,cotton; textile,Chancay textile; Peru textile,data/metadata/cma_corpus_principal_revisado.csv,
CMA:104236,CMA,104236,1922.390,Cleveland Museum of Art,https://clevelandart.org/art/1922.390,https://openaccess-cdn.clevelandart.org/1922.390/1922.390_web.jpg,,data/images/cma/104236.jpg,Fragment formed of Four Separate Fabrics Joined,,,"Peru, Central Coast, Chancay, 12th-15th century",,c. 1100–1400,,Textiles,Textile,Textile,,,,,"two pieces plain cloth, two pieces compound twill; cotton",,,,,principal,mantener,aceptar_principal,mantener,,candidate,revision_manual_cma_v2,cc0,share_license_status=CC0,,parcial,sin_anotar,util,,,22f9b85b07f0aae0480fb37a0f992053594924d17dc771dd65c5062834863671,9999999999989899,1263,829,chancay; peru,cloth; cotton; textile,Chancay textile; Peru textile,data/metadata/cma_corpus_principal_revisado.csv,
CMA:104238,CMA,104238,1922.392,Cleveland Museum of Art,https://clevelandart.org/art/1922.392,https://openaccess-cdn.clevelandart.org/1922.392/1922.392_web.jpg,,data/images/cma/104238.jpg,Fragment,,,"Peru, North Coast, Chimú Culture, 12th-15th century",,c. 1100–1400,,Textiles,Textile,Textile,,,,,"plain cloth, brocaded; cotton",,,,,principal,mantener,aceptar_principal,mantener,,candidate,revision_manual_cma_v2,cc0,share_license_status=CC0,,parcial,sin_anotar,util,,,77087c319a10c79d018dd719512950272a386c52504cee5808d88ea7853cef42,d2d8d2928a929ace,437,893,north coast; peru,cloth; cotton; textile,Chimu textile; North Coast textile; Peru textile,data/metadata/cma_corpus_principal_revisado.csv,
CMA:104240,CMA,104240,1922.394,Cleveland Museum of Art,https://clevelandart.org/art/1922.394,https://openaccess-cdn.clevelandart.org/1922.394/1922.394_web.jpg,,data/images/cma/104240.jpg,Border Strip,,,"Peru, Central Coast, Chancay, 12th-15th century",,c. 1100–1400,,Textiles,Textile,Textile,,,,,tabby weave with supplementary pattern weft; cotton,,,,,principal,mantener,aceptar_principal,mantener,,candidate,revision_manual_cma_v2,cc0,share_license_status=CC0,,parcial,sin_anotar,util,,,95e8aee3b9b04121ac4b54a9c4c5cff7916fbf681edb00f09a02d6cb90eb7402,3092968e86869682,1263,270,chancay; peru,cotton; textile,Chancay textile; Peru textile,data/metadata/cma_corpus_principal_revisado.csv,
CMA:104241,CMA,104241,1922.395,Cleveland Museum of Art,https://clevelandart.org/art/1922.395,https://openaccess-cdn.clevelandart.org/1922.395/1922.395_web.jpg,,data/images/cma/104241.jpg,Four Border Strips,,,"Peru, Central Coast, Chancay, 12th-15th century",,c. 1100–1400,,Textiles,Textile,Textile,,,,,plain compound cloth; cotton,,,,,principal,mantener,aceptar_principal,mantener,,candidate,revision_manual_cma_v2,cc0,share_license_status=CC0,,parcial,sin_anotar,util,,,723b0bc2ecf87ae5961b437040f81c095075f4ac539d471b74489b6482515e76,a2fa8adeb8a498b8,742,900,chancay; peru,cloth; cotton; textile,Chancay textile; Peru textile,data/metadata/cma_corpus_principal_revisado.csv,
CMA:104242,CMA,104242,1922.395.a,Cleveland Museum of Art,https://clevelandart.org/art/1922.395.a,https://openaccess-cdn.clevelandart.org/1922.395.a/1922.395.a_web.jpg,,data/images/cma/104242.jpg,Four Border Strips,,,"Peru, Central Coast, Chancay, 12th-15th century",,c. 1100–1400,,Textiles,Textile,Textile,,,,,plain compound cloth; cotton,,,,,principal,mantener,aceptar_principal,mantener,,candidate,revision_manual_cma_v2,cc0,share_license_status=CC0,,parcial,sin_anotar,util,,,c03af74af54f0a0d256dd6c73ce70b04f36ffdb0ebbf6c7510074b522efd2f64,048eb292a27859c8,900,270,chancay; peru,cloth; cotton; textile,Chancay textile; Peru textile,data/metadata/cma_corpus_principal_revisado.csv,
CMA:104243,CMA,104243,1922.395.b,Cleveland Museum of Art,https://clevelandart.org/art/1922.395.b,https://openaccess-cdn.clevelandart.org/1922.395.b/1922.395.b_web.jpg,,data/images/cma/104243.jpg,Four Border Strips,,,"Peru, Central Coast, Chancay, 12th-15th century",,c. 1100–1400,,Textiles,Textile,Textile,,,,,plain compound cloth; cotton,,,,,principal,mantener,aceptar_principal,mantener,,candidate,revision_manual_cma_v2,cc0,share_license_status=CC0,,parcial,sin_anotar,util,,,242a73b74c496c3e52076e5410a90b1bea19e057809d8b92aa36e8f43c4e4b78,41c29a9ab6de5ca1,900,284,chancay; peru,cloth; cotton; textile,Chancay textile; Peru textile,data/metadata/cma_corpus_principal_revisado.csv,
CMA:104244,CMA,104244,1922.395.c,Cleveland Museum of Art,https://clevelandart.org/art/1922.395.c,https://openaccess-cdn.clevelandart.org/1922.395.c/1922.395.c_web.jpg,,data/images/cma/104244.jpg,Four Border Strips,,,"Peru, Central Coast, Chancay, 12th-15th century",,c. 1100–1400,,Textiles,Textile,Textile,,,,,plain compound cloth; cotton,,,,,principal,mantener,aceptar_principal,mantener,,candidate,revision_manual_cma_v2,cc0,share_license_status=CC0,,parcial,sin_anotar,util,,,83f905596afb2180015c709156f4a5d5a3e3fb2365d644e7201abfe43edf1994,439caa86aa35659a,900,292,chancay; peru,cloth; cotton; textile,Chancay textile; Peru textile,data/metadata/cma_corpus_principal_revisado.csv,
CMA:104245,CMA,104245,1922.395.d,Cleveland Museum of Art,https://clevelandart.org/art/1922.395.d,https://openaccess-cdn.clevelandart.org/1922.395.d/1922.395.d_web.jpg,,data/images/cma/104245.jpg,Four Border Strips,,,"Peru, Central Coast, Chancay, 12th-15th century",,c. 1100–1400,,Textiles,Textile,Textile,,,,,plain compound cloth; cotton,,,,,principal,mantener,aceptar_principal,mantener,,candidate,revision_manual_cma_v2,cc0,share_license_status=CC0,,parcial,sin_anotar,util,,,69d0b82bfa091d4c083585db31bc86e4ae2ffb937da90e298f5d89591343d614,659a9aa4b2b83944,900,277,chancay; peru,cloth; cotton; textile,Chancay textile; Peru textile,data/metadata/cma_corpus_principal_revisado.csv,
CMA:104246,CMA,104246,1922.396,Cleveland Museum of Art,https://clevelandart.org/art/1922.396,https://openaccess-cdn.clevelandart.org/1922.396/1922.396_web.jpg,,data/images/cma/104246.jpg,Three Fragments of a Border,,,"Peru, Central Coast, Chancay, 12th-15th century",,c. 1100–1400,,Textiles,Textile,Textile,,,,,"tabby with inset border of fancy twill, brocaded; cotton and wool",,,,,principal,mantener,aceptar_principal,mantener,,candidate,revision_manual_cma_v2,cc0,share_license_status=CC0,,parcial,sin_anotar,util,,,283af313bb8eafe50108de27cd778a9aa104708e4fe5a37799ee862a7db7cc3e,92aaec929892dac8,807,900,chancay; peru,cotton; textile; wool,Chancay textile; Peru textile,data/metadata/cma_corpus_principal_revisado.csv,
CMA:104247,CMA,104247,1922.396.a,Cleveland Museum of Art,https://clevelandart.org/art/1922.396.a,https://openaccess-cdn.clevelandart.org/1922.396.a/1922.396.a_web.jpg,,data/images/cma/104247.jpg,Three Fragments of a Border,,,"Peru, Central Coast, Chancay, 12th-15th century",,c. 1100–1400,,Textiles,Textile,Textile,,,,,"tabby with inset border of fancy twill, brocaded; cotton and wool",,,,,principal,mantener,aceptar_principal,mantener,,candidate,revision_manual_cma_v2,cc0,share_license_status=CC0,,parcial,sin_anotar,util,,,3996d38e0189236228978b91271171c99bdf3e5ac232d26677cf56ca3adb94f2,11c29a92a2aeee71,900,313,chancay; peru,cotton; textile; wool,Chancay textile; Peru textile,data/metadata/cma_corpus_principal_revisado.csv,
CMA:104248,CMA,104248,1922.396.b,Cleveland Museum of Art,https://clevelandart.org/art/1922.396.b,https://openaccess-cdn.clevelandart.org/1922.396.b/1922.396.b_web.jpg,,data/images/cma/104248.jpg,Three Fragments of a Border,,,"Peru, Central Coast, Chancay, 12th-15th century",,c. 1100–1400,,Textiles,Textile,Textile,,,,,"tabby with inset border of fancy twill, brocaded; cotton and wool",,,,,principal,mantener,aceptar_principal,mantener,,candidate,revision_manual_cma_v2,cc0,share_license_status=CC0,,parcial,sin_anotar,util,,,807b7823f7d6100a9a13db9d9a05e726ce7ad44a4073b4bd0b0e162a99e14d16,25a092b2c898b906,900,336,chancay; peru,cotton; textile; wool,Chancay textile; Peru textile,data/metadata/cma_corpus_principal_revisado.csv,
CMA:104249,CMA,104249,1922.396.c,Cleveland Museum of Art,https://clevelandart.org/art/1922.396.c,https://openaccess-cdn.clevelandart.org/1922.396.c/1922.396.c_web.jpg,,data/images/cma/104249.jpg,Three Fragments of a Border,,,"Peru, Central Coast, Chancay, 12th-15th century",,c. 1100–1400,,Textiles,Textile,Textile,,,,,"tabby with inset border of fancy twill, brocaded; cotton and wool",,,,,principal,mantener,aceptar_principal,mantener,,candidate,revision_manual_cma_v2,cc0,share_license_status=CC0,,parcial,sin_anotar,util,,,603af7c85ee66714cbf049064e9496e3270cb8f8d08fc28367d05259dcc1a965,d0dabab2d2c8cc38,900,293,chancay; peru,cotton; textile; wool,Chancay textile; Peru textile,data/metadata/cma_corpus_principal_revisado.csv,
CMA:104250,CMA,104250,1922.397,Cleveland Museum of Art,https://clevelandart.org/art/1922.397,https://openaccess-cdn.clevelandart.org/1922.397/1922.397_web.jpg,,data/images/cma/104250.jpg,Three Border Fragments,,,"Peru, Central Coast, Chancay, 12th-15th century",,c. 1100–1400,,Textiles,Textile,Textile,,,,,"tabby, brocaded; cotton and wool",,,,,complementario,mantener,aceptar_secundario,mantener,,candidate,revision_manual_cma_v2,cc0,share_license_status=CC0,,parcial,sin_anotar,util,,,6b0de2b30ad5ca7cc0567edc9ffee41060c5a9baf838d3dbbcb6deb8f9d07e26,e8b6a6d4d4c4d4cc,900,663,chancay; peru,cotton; textile; wool,Chancay textile; Peru textile,data/metadata/cma_corpus_secundario_revisado.csv,
CMA:104251,CMA,104251,1922.397.a,Cleveland Museum of Art,https://clevelandart.org/art/1922.397.a,https://openaccess-cdn.clevelandart.org/1922.397.a/1922.397.a_web.jpg,,data/images/cma/104251.jpg,Three Border Fragments,,,"Peru, Central Coast, Chancay, 12th-15th century",,c. 1100–1400,,Textiles,Textile,Textile,,,,,"tabby, brocaded; cotton and wool",,,,,complementario,mantener,aceptar_secundario,mantener,,candidate,revision_manual_cma_v2,cc0,share_license_status=CC0,,parcial,sin_anotar,util,,,bfe17725ec8c0611b3321aec6298a79150a45884edd095838a4db0cadb35409b,49c8a4b696a6e6e2,900,220,chancay; peru,cotton; textile; wool,Chancay textile; Peru textile,data/metadata/cma_corpus_secundario_revisado.csv,
CMA:104252,CMA,104252,1922.397.b,Cleveland Museum of Art,https://clevelandart.org/art/1922.397.b,https://openaccess-cdn.clevelandart.org/1922.397.b/1922.397.b_web.jpg,,data/images/cma/104252.jpg,Three Border Fragments,,,"Peru, Central Coast, Chancay, 12th-15th century",,c. 1100–1400,,Textiles,Textile,Textile,,,,,"tabby, brocaded; cotton and wool",,,,,complementario,mantener,aceptar_secundario,mantener,,candidate,revision_manual_cma_v2,cc0,share_license_status=CC0,,parcial,sin_anotar,util,,,922161b381932a9c9ff0959a367bddb986ecd358d3c4af677a321c827d782ac1,33d28ab2f0929293,900,271,chancay; peru,cotton; textile; wool,Chancay textile; Peru textile,data/metadata/cma_corpus_secundario_revisado.csv,
CMA:104253,CMA,104253,1922.397.c,Cleveland Museum of Art,https://clevelandart.org/art/1922.397.c,https://openaccess-cdn.clevelandart.org/1922.397.c/1922.397.c_web.jpg,,data/images/cma/104253.jpg,Three Border Fragments,,,"Peru, Central Coast, Chancay, 12th-15th century",,c. 1100–1400,,Textiles,Textile,Textile,,,,,"tabby, brocaded; cotton and wool",,,,,complementario,mantener,aceptar_secundario,mantener,,candidate,revision_manual_cma_v2,cc0,share_license_status=CC0,,parcial,sin_anotar,util,,,990a2be4fb496d3fcc959abba6777411810c835e370d26e212c0eee21dab452f,d5d6acb696aeacec,900,272,chancay; peru,cotton; textile; wool,Chancay textile; Peru textile,data/metadata/cma_corpus_secundario_revisado.csv,
CMA:104390,CMA,104390,1922.517,Cleveland Museum of Art,https://clevelandart.org/art/1922.517,https://openaccess-cdn.clevelandart.org/1922.517/1922.517_web.jpg,,data/images/cma/104390.jpg,Fragment from a Mantle,,,"Peru, North Coast, Chimú Culture, 12th-15th century",,c. 1100–1400,,Textiles,Textile,Textile,,,,,"tabby, brocaded; border: single-face pattern weave (fancy twill); cotton and wool",,,,,principal,mantener,aceptar_principal,mantener,,candidate,revision_manual_cma_v2,cc0,share_license_status=CC0,,parcial,sin_anotar,util,,,ab9d040d9ed45aa5ef8aacd9d1dc1ed9cffd3f84ac0f50877016101c64304a94,8cac194c6c60684b,750,618,north coast; peru,cotton; mantle; textile; wool,Chimu textile; North Coast textile; Peru textile,data/metadata/cma_corpus_principal_revisado.csv,
CMA:108026,CMA,108026,1925.654,Cleveland Museum of Art,https://clevelandart.org/art/1925.654,https://openaccess-cdn.clevelandart.org/1925.654/1925.654_web.jpg,,data/images/cma/108026.jpg,Fragment,,,"Peru, Central Coast, Chancay, 12th-15th century",,c. 1100–1400,,Textiles,Textile,Textile,,,,,"tabby, brocaded; cotton",,,,,principal,mantener,aceptar_principal,mantener,,candidate,revision_manual_cma_v2,cc0,share_license_status=CC0,,parcial,sin_anotar,util,,,b41bf6cf1d4fe5c5d94b33efe7b1ea8983fa2069599f486de6ebc8ee51d2edbf,80f0babacea69280,1160,893,chancay; peru,cotton; textile,Chancay textile; Peru textile,data/metadata/cma_corpus_principal_revisado.csv,
CMA:108033,CMA,108033,1925.660,Cleveland Museum of Art,https://clevelandart.org/art/1925.660,https://openaccess-cdn.clevelandart.org/1925.660/1925.660_web.jpg,,data/images/cma/108033.jpg,Unfinished Cloth,,,"Peru, Central Coast, Chancay, Pachacamac, 12th-15th century",,c. 1100–1400,,Textiles,Textile,Textile,,,,,tapestry weave; cotton and wool,,,,,principal,mantener,aceptar_principal,mantener,,candidate,revision_manual_cma_v2,cc0,share_license_status=CC0,,parcial,sin_anotar,util,,,9df6062b59741766ebecf351026c9b8d0fae2086cc547f018a61801bf29edd7c,aab0b8f292a28202,682,893,chancay; peru,cloth; cotton; textile; wool,Chancay textile; Peru textile,data/metadata/cma_corpus_principal_revisado.csv,
CMA:108034,CMA,108034,1925.661,Cleveland Museum of Art,https://clevelandart.org/art/1925.661,https://openaccess-cdn.clevelandart.org/1925.661/1925.661_web.jpg,,data/images/cma/108034.jpg,Fragment of a Double Cloth,,,"Peru, Central Coast, Chancay, 12th-15th century",,c. 1100–1400,,Textiles,Textile,Textile,,,,,"tabby weave, double cloth; cotton",,,,,principal,mantener,aceptar_principal,mantener,,candidate,revision_manual_cma_v2,cc0,share_license_status=CC0,,parcial,sin_anotar,util,,,781e645166556d51379e7d8ea6ffe0638f6073b8511fc28bb681014b293ef213,9e92a6baae8abab2,682,893,chancay; peru,cloth; cotton; textile,Chancay textile; Peru textile,data/metadata/cma_corpus_principal_revisado.csv,
CMA:108038,CMA,108038,1925.665,Cleveland Museum of Art,https://clevelandart.org/art/1925.665,https://openaccess-cdn.clevelandart.org/1925.665/1925.665_web.jpg,,data/images/cma/108038.jpg,Large Cloth,,,"Peru, North Coast, Chimú Culture, 12th-15th century",,c. 1100–1400,,Textiles,Textile,Textile,,,,,plain cloth with overlaid tapestry-like decoration; cotton and wool,,,,,principal,mantener,aceptar_principal,mantener,,candidate,revision_manual_cma_v2,cc0,share_license_status=CC0,,parcial,sin_anotar,util,,,cfdf77e399211f9423149eeba6bfe62e8c2309ee751343aeaaa9fbe8e66ce6a7,deb2d0b2b4a69084,1263,333,north coast; peru,cloth; cotton; textile; wool,Chimu textile; North Coast textile; Peru textile,data/metadata/cma_corpus_principal_revisado.csv,
CMA:108042,CMA,108042,1925.667,Cleveland Museum of Art,https://clevelandart.org/art/1925.667,https://openaccess-cdn.clevelandart.org/1925.667/1925.667_web.jpg,,data/images/cma/108042.jpg,Tapestry-woven Yoke from a Tunic,,"This fragment comes from the upper area of a tunic, with thick embroidery defining remnants of the neck opening. In the rectangular area on the chest are two similar long-tailed creatures rendered in a highly geometric style. Each is rotated 90 degrees, so their tails are parallel to the bottom edge. The cloven hooves on their upper legs may identify the creatures as deer or Andean camelids, such as llamas or alpacas.","Central Andes, North Central Coast, Moche-Wari Style",,800–1200?,,Textiles,Textile,Textile,,,,,"camelid fiber and cotton, tapestry weave",,,,,principal,mantener,aceptar_principal,mantener,,candidate,revision_manual_cma_v2,cc0,share_license_status=CC0,,parcial,sin_anotar,util,,,7c42d15ba415cf8ea11df7de3d10949831b7037992e4440ae15ea11e85d1db7d,f8e898d868e0e969,900,575,andean; andes; moche; wari,camelid; cotton; fiber; textile; tunic; woven,Andean textile; Andes textile; Moche textile; North Coast textile; Wari textile,data/metadata/cma_corpus_principal_revisado.csv,
CMA:108043,CMA,108043,1925.668,Cleveland Museum of Art,https://clevelandart.org/art/1925.668,https://openaccess-cdn.clevelandart.org/1925.668/1925.668_web.jpg,,data/images/cma/108043.jpg,Tunic (Shirt) with Tapestry-woven Yoke,,"Likely an item of men’s wear, this tunic exhibits a variety of motifs. The upper panels feature an especially pronounced triangular pattern. The rectangle at the center of the chest displays a repeated frontal figure that stands out for its relatively large size and more rounded style. The surrounding elements are more right-angled, including the small figures in flanking positions and the birds in the borders.","Central Andes, Northern Central Coast",,650–850,,Textiles,Textile,Textile,,,,,"camelid fiber and cotton; tapestry-weave yoke and chest plaque, plain-weave body",,,,,principal,mantener,aceptar_principal,mantener,,candidate,revision_manual_cma_v2,cc0,share_license_status=CC0,,parcial,sin_anotar,util,,,8ac8d2dfcee4ea38858a4e232e54d8823016780867ec82cc7edcc9b33aebf3d2,61c8c6e079b88c8a,1251,893,andes,camelid; cotton; fiber; shirt; textile; tunic; woven,Andes textile,data/metadata/cma_corpus_principal_revisado.csv,
CMA:108044,CMA,108044,1925.669,Cleveland Museum of Art,https://clevelandart.org/art/1925.669,https://openaccess-cdn.clevelandart.org/1925.669/1925.669_web.jpg,,data/images/cma/108044.jpg,Textile Bag,,,"Peru, Central Coast, Chancay, Pachacamac, 12th-15th century",,c. 1100–1400,,Textiles,Textile,Textile,,,,,"tabby weave, warp patterned; wool",,,,,principal,mantener,aceptar_principal,mantener,,candidate,revision_manual_cma_v2,cc0,share_license_status=CC0,,parcial,sin_anotar,util,,,77bb6ecddd39ceecbda6a5bac222d36081401bac1aa11a2fc9c0e36202b2421c,d08e3a1b8aaaaae8,743,893,chancay; peru,textile; wool,Chancay textile; Peru textile,data/metadata/cma_corpus_principal_revisado.csv,
CMA:114131,CMA,114131,1933.392,Cleveland Museum of Art,https://clevelandart.org/art/1933.392,https://openaccess-cdn.clevelandart.org/1933.392/1933.392_web.jpg,,data/images/cma/114131.jpg,Fish-Shaped Applique,,"This fish-shaped textile was originally stitched with others like it to a mantle, a shawl-like garment that was a staple of Andean clothing. Its partial “X-ray view,” which emphasizes the bony spine, is unique to the style of the Ychsma (<strong><em>yeach</em></strong><em>-mah</em>), who lived on Peru’s central coast. In addition to referencing sources of food, marine subjects may also carry religious associations, as some coastal peoples of the period regarded the sea as a deity.","Central Andes, Central Coast, Ychsma (Pachacamac) people",,1400–1532,,Textiles,Textile,Textile,,,,,"cotton and camelid fiber, tapestry weave with areas of eccentric weft floats",,,,,principal,mantener,aceptar_principal,mantener,,candidate,revision_manual_cma_v2,cc0,share_license_status=CC0,,parcial,sin_anotar,util,,,58c6a82464be721ff3765a77ac9a6c5bdb40da12055e969851cf077d807abcdc,d9d3929c9ad2e3e2,900,435,andean; andes; peru,camelid; cotton; fiber; garment; mantle; textile,Andean textile; Andes textile; Peru textile,data/metadata/cma_corpus_principal_revisado.csv,
CMA:114132,CMA,114132,1933.393,Cleveland Museum of Art,https://clevelandart.org/art/1933.393,https://openaccess-cdn.clevelandart.org/1933.393/1933.393_web.jpg,,data/images/cma/114132.jpg,Tie-Dyed Fragment,,,"Peru, South Coast, Wari Culture, Middle Horizon, 8th-12th Century",,c. 700–1100 A.D.,,Textiles,Textile,Textile,,,,,"discontinuous warp and weft, tie-dyed; wool",,,,,principal,mantener,aceptar_principal,mantener,,candidate,revision_manual_cma_v2,cc0,share_license_status=CC0,,parcial,sin_anotar,util,,,5617efb1b71cb1e60755c81e8a2f0241bb60edd6827f27c525be7e7e6b31ff38,f892ca8acada8ace,1263,548,peru; south coast; wari,textile; wool,Peru textile; South Coast textile; Wari textile,data/metadata/cma_corpus_principal_revisado.csv,
CMA:119617,CMA,119617,1940.469,Cleveland Museum of Art,https://clevelandart.org/art/1940.469,https://openaccess-cdn.clevelandart.org/1940.469/1940.469_web.jpg,,data/images/cma/119617.jpg,Inka Khipu (Fiber Recording Device),,,"Peru, Inca Period, 15th-16th Century",,c. 1400–1532,,Textiles,Miscellaneous,Miscellaneous,,,,,"cords, knotted and twisted; cotton and wool",,,,,complementario,mantener,aceptar_secundario,mantener,,candidate,revision_manual_cma_v2,cc0,share_license_status=CC0,,parcial,sin_anotar,util,,,59ef9c67f23b60ae6c6bb56a76173f55f3ec82f5a7fef1c52bc623b346187b2b,17331768e2d15133,1075,893,inca; peru,cotton; fiber; wool,Inca textile; Peru textile,data/metadata/cma_corpus_secundario_revisado.csv,
CMA:119652,CMA,119652,1940.494,Cleveland Museum of Art,https://clevelandart.org/art/1940.494,https://openaccess-cdn.clevelandart.org/1940.494/1940.494_web.jpg,,data/images/cma/119652.jpg,Painted Wrapping for Mummy,,,"Peru, Central Coast, Chancay, 12th-15th century",,c.1100–1400 A.D.,,Textiles,Textile,Textile,,,,,"plain cloth, painted; cotton",,,,,principal,mantener,aceptar_principal,mantener,,candidate,revision_manual_cma_v2,cc0,share_license_status=CC0,,parcial,sin_anotar,util,,,6c72bf147e7711018097cdfcb769d7c799eb0c44a35e6b08eebbfdb1bb807a6e,88cceccc86a08050,1263,377,chancay; peru,cloth; cotton; textile,Andes textile; Chancay textile; Peru textile,data/metadata/cma_corpus_principal_revisado.csv,
CMA:119653,CMA,119653,1940.495,Cleveland Museum of Art,https://clevelandart.org/art/1940.495,https://openaccess-cdn.clevelandart.org/1940.495/1940.495_web.jpg,,data/images/cma/119653.jpg,Feathered Panel,,,"Andes, 7th-15th century",,600–1500,,Textiles,Textile,Textile,,,,,"feather ""mosaic"": feathers sewed on coarse cotton cloth",,,,,complementario,mantener,aceptar_secundario,mantener,,candidate,revision_manual_cma_v2,cc0,share_license_status=CC0,,parcial,sin_anotar,util,,,df9bb85cee45c05d507f0d056d4467d2c600d46922419c18349195da1dc69404,3bbb27278d8f8f0f,1263,447,andes,cloth; cotton; textile,Andes textile,data/metadata/cma_corpus_secundario_revisado.csv,
CMA:119654,CMA,119654,1940.496,Cleveland Museum of Art,https://clevelandart.org/art/1940.496,https://openaccess-cdn.clevelandart.org/1940.496/1940.496_web.jpg,,data/images/cma/119654.jpg,Band,,,"Peru, Central Coast?, Lima?, Early Horizon?",,c. 600–400 BCE,,Textiles,Textile,Textile,,,,,warp-faced weave: llama wool,,,,,complementario,mantener,aceptar_secundario,mantener,,candidate,revision_manual_cma_v2,cc0,share_license_status=CC0,,parcial,sin_anotar,util,,,74036b27b6f1108d7162f373d444d642c4e008f919e2f5b6619a10e929654f75,d4d6ca4a2ab2b6a2,398,900,peru,textile; wool,Andes textile; Peru textile,data/metadata/cma_corpus_secundario_revisado.csv,
CMA:119655,CMA,119655,1940.497,Cleveland Museum of Art,https://clevelandart.org/art/1940.497,https://openaccess-cdn.clevelandart.org/1940.497/1940.497_web.jpg,,data/images/cma/119655.jpg,Fragmentary Mantle,,,"Peru, South Coast, Ica Valley ?, Inca Culture, 15th-16th century",,c. 1400–1532,,Textiles,Textile,Textile,,,,,"tapestry and fancy twill, brocaded; twill",,,,,principal,mantener,aceptar_principal,mantener,,candidate,revision_manual_cma_v2,cc0,share_license_status=CC0,,parcial,sin_anotar,util,,,2af8c7985724aa01307db4713b572d7623b5d434b45543ef0fddd2fd71f7ec0c,969eaeaeaeae92a0,1263,578,inca; peru; south coast,mantle; textile,Inca textile; Peru textile; South Coast textile,data/metadata/cma_corpus_principal_revisado.csv,
CMA:119656,CMA,119656,1940.498,Cleveland Museum of Art,https://clevelandart.org/art/1940.498,https://openaccess-cdn.clevelandart.org/1940.498/1940.498_web.jpg,,data/images/cma/119656.jpg,Dress,,,"Peru, South Highlands or South Coast, Chuquibamba style, 12th-16th century",,c. 1100–1532,,Textiles,Textile,Textile,,,,,camelid fiber; tapestry and complementary-weft weave,,,,,principal,mantener,aceptar_principal,mantener,,candidate,revision_manual_cma_v2,cc0,share_license_status=CC0,,parcial,sin_anotar,util,,,ec3532effa6a2ba3e0a4ba78fb426a3e197088ebb83a458e13e3af7f7281030c,e292aaeaaab2a2ea,750,678,peru; south coast,camelid; fiber; textile,Peru textile; South Coast textile,data/metadata/cma_corpus_principal_revisado.csv,
CMA:119675,CMA,119675,1940.514,Cleveland Museum of Art,https://clevelandart.org/art/1940.514,https://openaccess-cdn.clevelandart.org/1940.514/1940.514_web.jpg,,data/images/cma/119675.jpg,Tunic,,"The striking, large-scale figure shown on this tunic has an elaborate, monkey-like tail as well as head appendages that mark the creature as supernatural. This tunic, a relatively rare type, was made not on a loom but rather by working the yarns into loops with a needle. It is made entirely with camelid fiber, which can readily be dyed in a range of vivid colors. The fiber comes from one of the four camels (camelids) native to the Andes Mountains—the alpaca and llama, both domesticated, and the wild guanaco and vicuña. On the coast, it represents a prestige import.","Peru, South Coast, Ica Valley, Ocucaje site?, Paracas people",,400–200 BCE,,Textiles,Textile,Textile,,,,,looped camelid fiber,,,,,principal,mantener,aceptar_principal,mantener,,candidate,revision_manual_cma_v2,cc0,share_license_status=CC0,,parcial,sin_anotar,util,,,5205614009d203517200bc89a51b97c7eaf8cd41de5397c458512592c83a52e8,8e8e8cacb696aa9a,780,893,andes; paracas; peru; south coast,camelid; fiber; textile; tunic,Andes textile; Paracas textile; Peru textile; South Coast textile,data/metadata/cma_corpus_principal_revisado.csv,
CMA:119676,CMA,119676,1940.515,Cleveland Museum of Art,https://clevelandart.org/art/1940.515,https://openaccess-cdn.clevelandart.org/1940.515/1940.515_web.jpg,,data/images/cma/119676.jpg,Mantle,,,"Peru, South Coast, Paracas",,c. 600–400 BCE,,Textiles,Textile,Textile,,,,,embroidery on wool ground,,,,,principal,mantener,aceptar_principal,mantener,,candidate,revision_manual_cma_v2,cc0,share_license_status=CC0,,parcial,sin_anotar,util,,,cea0a91fa5f8fc90fdc4034fb2e272803b59a2f2f6fe83273b0019241993d8e1,8e828292929a92a0,1263,432,paracas; peru; south coast,mantle; textile; wool,Paracas textile; Peru textile; South Coast textile,data/metadata/cma_corpus_principal_revisado.csv,
CMA:119677,CMA,119677,1940.516,Cleveland Museum of Art,https://clevelandart.org/art/1940.516,https://openaccess-cdn.clevelandart.org/1940.516/1940.516_web.jpg,,data/images/cma/119677.jpg,"Mummy Bundle ""Mask""",,"The Paracas people buried their dead in pear-shaped mummy bundles, created by carefully wrapping the seated human body in layers of garments and other textiles. Sometimes a painted cloth was placed on the outer layer at the top of the bundle, as though it served as the bundle’s face, head, or “mask.” Some cloths were painted with masklike faces, although others—such as this example—feature complete figures, which may be mythological beings with supernatural appendages.","Peru, South Coast, Ica Valley, Ocucaje site, Paracas style",,200–1 BCE,,Textiles,Textile,Textile,,,,,"cotton and pigment, plain weave",,,,,principal,mantener,aceptar_principal,mantener,,candidate,revision_manual_cma_v2,cc0,share_license_status=CC0,,parcial,sin_anotar,util,,,c34bd781b64beb01dc054ede6dd9ece8fd9fb03f5fc9fd916b4b9650ff892edf,6971554d69686464,336,893,paracas; peru; south coast,cloth; cotton; textile,Andean textile; Paracas textile; Peru textile; South Coast textile,data/metadata/cma_corpus_principal_revisado.csv,
CMA:119678,CMA,119678,1940.517,Cleveland Museum of Art,https://clevelandart.org/art/1940.517,https://openaccess-cdn.clevelandart.org/1940.517/1940.517_web.jpg,,data/images/cma/119678.jpg,"Mummy Bundle ""Mask""",,"The Paracas people buried their dead in pear-shaped mummy bundles, created by carefully wrapping the seated human body in layers of garments and other textiles. Sometimes a painted cloth was placed on the outer layer at the top of the bundle, as though it served as the bundle’s face, head, or “mask.” Some cloths were painted with masklike faces, although others—such as this example—feature complete figures, which may be mythological beings with supernatural appendages.","Peru, South Coast, Ica Valley, Ocucaje site, Paracas style",,200 BCE–1 CE,,Textiles,Textile,Textile,,,,,"plain warp-faced cloth, painted",,,,,principal,mantener,aceptar_principal,mantener,,candidate,revision_manual_cma_v2,cc0,share_license_status=CC0,,parcial,sin_anotar,util,,,3cd33082e2df2d840eed0bdf6696d088da21a284ffea9e50ccb122c1630bcd61,4b49496968e4c4d4,372,893,paracas; peru; south coast,cloth; textile,Andean textile; Paracas textile; Peru textile; South Coast textile,data/metadata/cma_corpus_principal_revisado.csv,
CMA:119679,CMA,119679,1940.518,Cleveland Museum of Art,https://clevelandart.org/art/1940.518,https://openaccess-cdn.clevelandart.org/1940.518/1940.518_web.jpg,,data/images/cma/119679.jpg,"Mummy Bundle ""Mask""",,"The Paracas people of Peru's South Coast buried their dead in pear-shaped mummy bundles made of a seated human body carefully wrapped in garments and other textiles. Sometimes a painted cloth was placed at the top of the bundle, as though it served as the bundle's face, head, or ""mask."" The cloth was padded on the back so it curved outward like a face, and the tress-like yarns (unwoven warps) at the upper edge were arranged around a solid cotton disk that, in turn, was wrapped with a headband. Some cloths were painted with mask-like faces, and others with full figures, apparently mythical creatures.","Peru, South Coast, Ica Valley, Ocucaje site, Paracas style (700 BCE–1 CE)",,200 BCE–1 CE,,Textiles,Textile,Textile,,,,,"warp-faced cloth, painted: cotton",,,,,principal,mantener,aceptar_principal,mantener,,candidate,revision_manual_cma_v2,cc0,share_license_status=CC0,,parcial,sin_anotar,util,,,15d840877673b4d71150663401c1e6726072ae69f81e31a8f919c40b9989418a,70ecec9a1ef68ef2,533,893,paracas; peru; south coast,cloth; cotton; textile,Paracas textile; Peru textile; South Coast textile,data/metadata/cma_corpus_principal_revisado.csv,
CMA:119680,CMA,119680,1940.519,Cleveland Museum of Art,https://clevelandart.org/art/1940.519,https://openaccess-cdn.clevelandart.org/1940.519/1940.519_web.jpg,,data/images/cma/119680.jpg,"Mummy Bundle ""Mask""",,"The Paracas people of Peru's South Coast buried their dead in pear-shaped mummy bundles made of a seated human body carefully wrapped in garments and other textiles. Sometimes a painted cloth was placed at the top of the bundle, as though it served as the bundle's face, head, or ""mask."" The cloth was padded on the back so it curved outward like a face, and the tress-like yarns (unwoven warps) at the upper edge were arranged around a solid cotton disk that, in turn, was wrapped with a headband. Some cloths were painted with mask-like faces, and others with full figures, apparently mythical creatures.","Peru, South Coast, Ica Valley, Ocucaje site, Paracas style (700 BCE–1 CE)",,200–1 BCE,,Textiles,Textile,Textile,,,,,"plain warp-faced cloth, painted: cotton",,,,,principal,mantener,aceptar_principal,mantener,,candidate,revision_manual_cma_v2,cc0,share_license_status=CC0,,parcial,sin_anotar,util,,,046b556cbb809c5f3bcd18b47a2647e605c80e4a3599c8a3b43db734b20dadfc,e9657571dcc4e0e8,489,893,paracas; peru; south coast,cloth; cotton; textile,Paracas textile; Peru textile; South Coast textile,data/metadata/cma_corpus_principal_revisado.csv,
CMA:119682,CMA,119682,1940.520,Cleveland Museum of Art,https://clevelandart.org/art/1940.520,https://openaccess-cdn.clevelandart.org/1940.520/1940.520_web.jpg,,data/images/cma/119682.jpg,"Mummy Bundle ""Mask""",,"The Paracas people buried their dead in pear-shaped mummy bundles, created by carefully wrapping the seated human body in layers of garments and other textiles. Sometimes a painted cloth was placed on the outer layer at the top of the bundle, as though it served as the bundle’s face, head, or “mask.” Some cloths were painted with masklike faces, although others—such as this example—feature complete figures, which may be mythological beings with supernatural appendages.","Peru, South Coast, Ica Valley, Ocucaje site, Paracas style",,200–1 BCE,,Textiles,Textile,Textile,,,,,"cotton: plain warp-faced cloth, painted",,,,,principal,mantener,aceptar_principal,mantener,,candidate,revision_manual_cma_v2,cc0,share_license_status=CC0,,parcial,sin_anotar,util,,,ea9f6ae3364c594d8ad7d3a55e478ac7638e19c9ea79f405f97b034c466f2533,d2f22269e8f4c4d4,509,900,paracas; peru; south coast,cloth; cotton; textile,Andean textile; Paracas textile; Peru textile; South Coast textile,data/metadata/cma_corpus_principal_revisado.csv,
CMA:119683,CMA,119683,1940.521,Cleveland Museum of Art,https://clevelandart.org/art/1940.521,https://openaccess-cdn.clevelandart.org/1940.521/1940.521_web.jpg,,data/images/cma/119683.jpg,"Mummy Bundle ""Mask""",,"The Paracas people buried their dead in bundles that they created by carefully wrapping the seated human body in layers of garments and other textiles. In some cases, they placed a painted <br>cloth—such as these examples—on the outer layer and at the top of the bundle. The hair-like <br>yarns (unwoven warps) were arranged around a solid cotton disk that was sometimes wrapped <br>with a headband. The cloths, then, seem to have functioned as the bundle’s head, even though <br>some are painted not with faces but with complete figures whose supernatural character is marked by the appendages streaming from their bodies.","Peru, South Coast, Ica Valley, Ocucaje site, Paracas style (700 BCE–1 CE)",,400–200 BCE,,Textiles,Textile,Textile,,,,,"cotton and pigment, plain weave",,,,,principal,mantener,aceptar_principal,mantener,,candidate,revision_manual_cma_v2,cc0,share_license_status=CC0,,parcial,sin_anotar,util,,,d8b0dab52942203e04db28f070b190b990b5d2e1cef935590e04c15685fac1ca,70cccdccccd4c098,565,900,paracas; peru; south coast,cloth; cotton; textile,Paracas textile; Peru textile; South Coast textile,data/metadata/cma_corpus_principal_revisado.csv,
CMA:119684,CMA,119684,1940.522,Cleveland Museum of Art,https://clevelandart.org/art/1940.522,https://openaccess-cdn.clevelandart.org/1940.522/1940.522_web.jpg,,data/images/cma/119684.jpg,"Mummy Bundle ""Mask""",,"The Paracas people of Peru's South Coast buried their dead in pear-shaped mummy bundles made of a seated human body carefully wrapped in garments and other textiles. Sometimes a painted cloth was placed at the top of the bundle, as though it served as the bundle's face, head, or ""mask."" The cloth was padded on the back so it curved outward like a face, and the tress-like yarns (unwoven warps) at the upper edge were arranged around a solid cotton disk that, in turn, was wrapped with a headband. Some cloths were painted with mask-like faces, and others with full figures, apparently mythical creatures.","Peru, South Coast, Ica Valley, Ocucaje site, Paracas style (700 BCE–1 CE)",,"170 BCE–70 CE (radiocarbon date, 95% probability)",,Textiles,Textile,Textile,,,,,"plain warp-faced cloth, painted: cotton",,,,,principal,mantener,aceptar_principal,mantener,,candidate,revision_manual_cma_v2,cc0,share_license_status=CC0,,parcial,sin_anotar,util,,,f9ccd4c9de2f07c0821e77b34b87832ef31924a1198be1e4e22ffd9786fd11e2,70c2eee0d8848490,493,893,paracas; peru; south coast,cloth; cotton; textile,Paracas textile; Peru textile; South Coast textile,data/metadata/cma_corpus_principal_revisado.csv,
CMA:119685,CMA,119685,1940.523,Cleveland Museum of Art,https://clevelandart.org/art/1940.523,https://openaccess-cdn.clevelandart.org/1940.523/1940.523_web.jpg,,data/images/cma/119685.jpg,"Mummy Bundle ""Mask""",,"The Paracas people buried their dead in bundles that they created by carefully wrapping the seated human body in layers of garments and other textiles. In some cases, they placed a painted <br>cloth—such as these examples—on the outer layer and at the top of the bundle. The hair-like <br>yarns (unwoven warps) were arranged around a solid cotton disk that was sometimes wrapped <br>with a headband. The cloths, then, seem to have functioned as the bundle’s head, even though <br>some are painted not with faces but with complete figures whose supernatural character is marked by the appendages streaming from their bodies.","Peru, South Coast, Ica Valley, Ocucaje site, Paracas style (700 BCE–1 CE)",,400–200 BCE,,Textiles,Textile,Textile,,,,,Cotton and pigment; plain weave,,,,,principal,mantener,aceptar_principal,mantener,,candidate,revision_manual_cma_v2,cc0,share_license_status=CC0,,parcial,sin_anotar,util,,,9807b1148ba1993a76615af722a726142ae8da9119ca9dba48f5e6d6f8875d1f,f1e94cecd0d4d6d6,526,900,paracas; peru; south coast,cloth; cotton; textile,Paracas textile; Peru textile; South Coast textile,data/metadata/cma_corpus_principal_revisado.csv,
CMA:119686,CMA,119686,1940.524,Cleveland Museum of Art,https://clevelandart.org/art/1940.524,https://openaccess-cdn.clevelandart.org/1940.524/1940.524_web.jpg,,data/images/cma/119686.jpg,"Mummy Bundle ""Mask""",,"The Paracas people buried their dead in bundles that they created by carefully wrapping the seated human body in layers of garments and other textiles. In some cases, they placed a painted <br>cloth—such as these examples—on the outer layer and at the top of the bundle. The hair-like <br>yarns (unwoven warps) were arranged around a solid cotton disk that was sometimes wrapped <br>with a headband. The cloths, then, seem to have functioned as the bundle’s head, even though <br>some are painted not with faces but with complete figures whose supernatural character is marked by the appendages streaming from their bodies.","Peru, South Coast, Ica Valley, Ocucaje site, Paracas style (700 BCE–1 CE)",,400–200 BCE,,Textiles,Textile,Textile,,,,,"cotton and pigment, plain weave",,,,,principal,mantener,aceptar_principal,mantener,,candidate,revision_manual_cma_v2,cc0,share_license_status=CC0,,parcial,sin_anotar,util,,,d85b7ce49168604662379a9a31e4245e7d0c74477f7d056bee18e031d2c14c3f,b26262f1c4d4e4cc,549,900,paracas; peru; south coast,cloth; cotton; textile,Paracas textile; Peru textile; South Coast textile,data/metadata/cma_corpus_principal_revisado.csv,
CMA:119687,CMA,119687,1940.525,Cleveland Museum of Art,https://clevelandart.org/art/1940.525,https://openaccess-cdn.clevelandart.org/1940.525/1940.525_web.jpg,,data/images/cma/119687.jpg,"Mummy Bundle ""Mask""",,"The Paracas people of Peru's South Coast buried their dead in pear-shaped mummy bundles made of a seated human body carefully wrapped in garments and other textiles. Sometimes a painted cloth was placed at the top of the bundle, as though it served as the bundle's face, head, or ""mask."" The cloth was padded on the back so it curved outward like a face, and the tress-like yarns (unwoven warps) at the upper edge were arranged around a solid cotton disk that, in turn, was wrapped with a headband. Some cloths were painted with mask-like faces, and others with full figures, apparently mythical creatures.","Peru, South Coast, Ica Valley, Ocucaje site, Paracas style (700 BCE–1 CE)",,200–1 BCE,,Textiles,Textile,Textile,,,,,"plain warp-faced cloth, painted: cotton",,,,,principal,mantener,aceptar_principal,mantener,,candidate,revision_manual_cma_v2,cc0,share_license_status=CC0,,parcial,sin_anotar,util,,,df60750814b3ac602459f694d00b382296057788d023011b5c963e3aa11ef5cb,ecccd64dccf4ccd0,563,893,paracas; peru; south coast,cloth; cotton; textile,Paracas textile; Peru textile; South Coast textile,data/metadata/cma_corpus_principal_revisado.csv,
CMA:119688,CMA,119688,1940.526,Cleveland Museum of Art,https://clevelandart.org/art/1940.526,https://openaccess-cdn.clevelandart.org/1940.526/1940.526_web.jpg,,data/images/cma/119688.jpg,"Mummy Bundle ""Mask""",,"The Paracas people of Peru's south coast buried their dead in pear-shaped mummy bundles made of a seated human body carefully wrapped in garments and other textiles. Sometimes a painted cloth was placed at the top of the bundle, as if serving as the bundle's face, head, or ""mask."" The cloth was padded on the back so it curved outward like a face, and the tress-like yarns (unwoven warps) at the upper edge were arranged around a solid cotton disk that, in turn, was wrapped with a headband. Some cloths were painted with mask-like faces, and others with full figures, apparently mythical creatures.","Peru, South Coast, Ica Valley, Ocucaje site, Paracas style (700 BCE–1 CE)",,200–1 BCE,,Textiles,Textile,Textile,,,,,"plain warp-faced cloth, painted: cotton",,,,,principal,mantener,aceptar_principal,mantener,,candidate,revision_manual_cma_v2,cc0,share_license_status=CC0,,parcial,sin_anotar,util,,,38d027b319a8f681136e5f41927611da16c62213e8a9275071decceb193e2039,047cfa8ef2d6d666,585,893,paracas; peru; south coast,cloth; cotton; textile,Paracas textile; Peru textile; South Coast textile,data/metadata/cma_corpus_principal_revisado.csv,
CMA:119689,CMA,119689,1940.527,Cleveland Museum of Art,https://clevelandart.org/art/1940.527,https://openaccess-cdn.clevelandart.org/1940.527/1940.527_web.jpg,,data/images/cma/119689.jpg,"Mummy Bundle ""Mask""",,"The Paracas people buried their dead in bundles that they created by carefully wrapping the seated human body in layers of garments and other textiles. In some cases, they placed a painted <br>cloth—such as these examples—on the outer layer and at the top of the bundle. The hair-like <br>yarns (unwoven warps) were arranged around a solid cotton disk that was sometimes wrapped <br>with a headband. The cloths, then, seem to have functioned as the bundle’s head, even though <br>some are painted not with faces but with complete figures whose supernatural character is marked by the appendages streaming from their bodies.","Peru, South Coast, Ica Valley, Ocucaje site, Paracas style (700 BCE–1 CE)",,400–200 BCE,,Textiles,Textile,Textile,,,,,Cotton and pigment; plain weave,,,,,principal,mantener,aceptar_principal,mantener,,candidate,revision_manual_cma_v2,cc0,share_license_status=CC0,,parcial,sin_anotar,util,,,bb188a892a1cee5b57645335cd34651c1c934df001f52a7c2779a21191b52e56,3068ccccccd4c4d4,550,900,paracas; peru; south coast,cloth; cotton; textile,Paracas textile; Peru textile; South Coast textile,data/metadata/cma_corpus_principal_revisado.csv,
CMA:119690,CMA,119690,1940.528,Cleveland Museum of Art,https://clevelandart.org/art/1940.528,https://openaccess-cdn.clevelandart.org/1940.528/1940.528_web.jpg,,data/images/cma/119690.jpg,Fragment of Embroidered Cloth,,"The repetition of a nonmythical figure, in this case a warrior holding spears and a trophy head, was one of the important innovations of Paracas textile design during the Late Paracas period. The trophy head cult was an essential aspect of crop fertility and was, therefore, a focal point of Paracas art in general.","Peru, South Coast, Paracas, Late Period",,c. 300–100 BCE,,Textiles,Textile,Textile,,,,,embroidery on plain wool ground,,,,,principal,mantener,aceptar_principal,mantener,,candidate,revision_manual_cma_v2,cc0,share_license_status=CC0,,parcial,sin_anotar,util,,,588a2bbadc36698709355dcd18c27c0450220eb378afaf3d80360626d22a698f,aa1b152b554b8b8b,1188,893,paracas; peru; south coast,cloth; textile; wool,Paracas textile; Peru textile; South Coast textile,data/metadata/cma_corpus_principal_revisado.csv,
CMA:119693,CMA,119693,1940.530,Cleveland Museum of Art,https://clevelandart.org/art/1940.530,https://openaccess-cdn.clevelandart.org/1940.530/1940.530_web.jpg,,data/images/cma/119693.jpg,Cloth with Procession of Figures,,"Experts agree that this cloth is one of the greatest paintings to survive from Andean antiquity due to the realism, complexity, large size, and refined execution of its figures. All but one of the figures wear the whiskered mouth mask of Nasca supernatural beings and several carry or wear severed human heads, which the Nasca linked to nature’s fruitfulness. Thus, the figures seem to represent supernatural forces or humans personifying such forces during a ritual devoted to agricultural fertility. Originally, the panel was attached along its upper edge to a dark blue cloth of equal size. The complete textile may have served as a mantle (a shawl-like garment), a hanging, or a funerary offering.","Central Andes, South Coast, Nasca people",,"170 BCE–70 CE (radiocarbon date, 95% probability)",,Textiles,Textile,Textile,,,,,cotton and pigment (field); camelid fiber (borders and fringe),,,,,principal,mantener,aceptar_principal,mantener,,candidate,revision_manual_cma_v2,cc0,share_license_status=CC0,,parcial,sin_anotar,util,,,cabe2eee67f9f084dc3953c3f0f2a64615c473744bfe2d17bf49ea688cde7d06,3a70747664644c8f,1263,344,andean; andes; nasca; south coast,camelid; cloth; cotton; fiber; garment; mantle; textile,Andean textile; Andes textile; Nasca textile; Paracas textile; Peru textile; South Coast textile,data/metadata/cma_corpus_principal_revisado.csv,
CMA:124412,CMA,124412,1945.378,Cleveland Museum of Art,https://clevelandart.org/art/1945.378,https://openaccess-cdn.clevelandart.org/1945.378/1945.378_web.jpg,,data/images/cma/124412.jpg,Four-Cornered Hat,,,"Peru, South Coast, Wari Culture, Middle Horizon, 8th-11th Century",,c. 700–1100 A.D.,,Textiles,Textile,Textile,,,,,needle network with cut pile: cotton and wool; reseau for top: cotton,,,,,complementario,mantener,aceptar_secundario,mantener,,candidate,revision_manual_cma_v2,cc0,share_license_status=CC0,,parcial,sin_anotar,util,,,88c1f2a6b742dba1f1a53e0647929fb402a1afa1a0f87fd18f1ebd1e44a9a0d3,1523c8c8d0c8e8c0,750,609,peru; south coast; wari,cotton; textile; wool,Peru textile; South Coast textile; Wari textile,data/metadata/cma_corpus_secundario_revisado.csv,
CMA:124413,CMA,124413,1945.379,Cleveland Museum of Art,https://clevelandart.org/art/1945.379,https://openaccess-cdn.clevelandart.org/1945.379/1945.379_web.jpg,,data/images/cma/124413.jpg,Mantle Corner Fragment,,,"Peru, South Coast, Wari Culture, Middle Horizon, 8th-11th Century",,700–1100 A.D.,,Textiles,Textile,Textile,,,,,cotton and camelid fiber; plain weave with supplementary weft (brocade),,,,,principal,mantener,aceptar_principal,mantener,,candidate,revision_manual_cma_v2,cc0,share_license_status=CC0,,parcial,sin_anotar,util,,,1843343ddbb874f23211484b47f9ae2d1ca93d5984ea98ba2689c48cf012b3a1,b9b4c898acaeaeee,750,747,peru; south coast; wari,camelid; cotton; fiber; mantle; textile,Peru textile; South Coast textile; Wari textile,data/metadata/cma_corpus_principal_revisado.csv,
CMA:124739,CMA,124739,1946.226,Cleveland Museum of Art,https://clevelandart.org/art/1946.226,https://openaccess-cdn.clevelandart.org/1946.226/1946.226_web.jpg,,data/images/cma/124739.jpg,Mantle,,"Buried in shaft-tombs, or rectangular sunken chambers, the Paracas dead were wrapped in layers of cloth and accompanied by pottery, food, and other offerings. The dry environment of the Paracas Peninsula helped preserve many of these textiles, including richly ornamented garments buried with important individuals. This mantle, probably worn like a cloak, relates closely to the tunic (CMA 1946.227) and long headband (CMA 1946.228) due to their shared imagery. Its double-headed bird motifs— embroidered in vivid red, blue, yellow, and green yarns—likely had symbolic significance, although the specific meaning remains unknown.","Peru, South Coast, Paracas (Cavernas) style",,c. 300 BCE–200 CE,,Textiles,Textile,Textile,,,,,camelid fiber: plain weave with embroidery,,,,,principal,mantener,aceptar_principal,mantener,,candidate,revision_manual_cma_v2,cc0,share_license_status=CC0,,parcial,sin_anotar,util,,,17f7d82b341fe0b24c6df72e7db58ff85a2ffaf52064588ffc27c00ea6a54186,fed8d496c6b4a6b2,1263,682,paracas; peru; south coast,camelid; cloth; fiber; mantle; textile; tunic,Andean textile; Paracas textile; Peru textile; South Coast textile,data/metadata/cma_corpus_principal_revisado.csv,
CMA:124740,CMA,124740,1946.227,Cleveland Museum of Art,https://clevelandart.org/art/1946.227,https://openaccess-cdn.clevelandart.org/1946.227/1946.227_web.jpg,,data/images/cma/124740.jpg,Tunic,,"Brightly dyed wool yarns found in many ancient Peruvian textiles come mainly from alpacas that were domesticated and selectively bred to produce long, soft, lustrous fiber. The finely spun yarns in a broad range of colors as seen on this tunic—well preserved after approximately 2,000 years of burial—attest to the Paracas people’s considerable artistry. A double-headed bird motif appears multiple times throughout the tunic’s design.","Peru, South Coast, Paracas (Cavernas) style",,c. 300 BCE–200 CE,,Textiles,Textile,Textile,,,,,Alpaca wool: plain weave with embroidery and warp substitution,,,,,principal,mantener,aceptar_principal,mantener,,candidate,revision_manual_cma_v2,cc0,share_license_status=CC0,,parcial,sin_anotar,util,,,245febf3b4436755fbbfa5e2a89cd21d8f1c1bbedaed448efa480a14c747dbed,ceccc4ba1686ece4,753,893,paracas; peru; peruvian; south coast,fiber; textile; tunic; wool,Andean textile; Andes textile; Paracas textile; Peru textile; Peruvian textile; South Coast textile,data/metadata/cma_corpus_principal_revisado.csv,
CMA:124741,CMA,124741,1946.228,Cleveland Museum of Art,https://clevelandart.org/art/1946.228,https://openaccess-cdn.clevelandart.org/1946.228/1946.228_web.jpg,,data/images/cma/124741.jpg,Turban Band (Llauto),,"Repeated along the length of this headband is a double-headed bird motif, in which the two heads are seen in profile and joined to a frontal body with outstretched wings. This design also appears in the tunic (1946.227) and mantle (1946.226). These three textiles may have formed a matched set that a socially prominent Paracas man would have worn as an ensemble.","Peru, South Coast, Paracas, Late Period",,c. 300–100 BCE,,Textiles,Textile,Textile,,,,,wool and cotton: needle reseau (netting),,,,,principal,mantener,aceptar_principal,mantener,,candidate,revision_manual_cma_v2,cc0,share_license_status=CC0,,parcial,sin_anotar,util,,,0642ca4c36c5227abf9fec126e3f5dbaf8f573c966f795f7f29e36a9a6f09484,aaaaaaaa94959515,900,519,paracas; peru; south coast,cotton; mantle; textile; tunic; wool,Andean textile; Paracas textile; Peru textile; South Coast textile,data/metadata/cma_corpus_principal_revisado.csv,
CMA:125095,CMA,125095,1946.75,Cleveland Museum of Art,https://clevelandart.org/art/1946.75,https://openaccess-cdn.clevelandart.org/1946.75/1946.75_web.jpg,,data/images/cma/125095.jpg,Mantle Corner Fragment,,,"Peru, South Coast, Wari Culture, Middle Horizon, 8th-12th Century",,c. 700–1100,,Textiles,Textile,Textile,,,,,cotton and camelid fiber; plain weave with supplementary weft (brocade),,,,,principal,mantener,aceptar_principal,mantener,,candidate,revision_manual_cma_v2,cc0,share_license_status=CC0,,parcial,sin_anotar,util,,,96145bef7edbcbfe819ba8d09c445d153d0f326fb4a3fa6d0a4aeaa35dd7ab40,ead2cace9cdae2ce,858,893,peru; south coast; wari,camelid; cotton; fiber; mantle; textile,Peru textile; South Coast textile; Wari textile,data/metadata/cma_corpus_principal_revisado.csv,
CMA:125339,CMA,125339,1947.291,Cleveland Museum of Art,https://clevelandart.org/art/1947.291,https://openaccess-cdn.clevelandart.org/1947.291/1947.291_web.jpg,,data/images/cma/125339.jpg,Four-Cornered Hat,,,"Peru, South Coast, Wari Culture, Tiwanaku Style, Middle Horizon, 8th-12th Century",,c. 700–1100 A.D.,,Textiles,Textile,Textile,,,,,needle network with and without cut pile: cotton and wool,,,,,complementario,mantener,aceptar_secundario,mantener,,candidate,revision_manual_cma_v2,cc0,share_license_status=CC0,,parcial,sin_anotar,util,,,291f52743fe9ab7d31976798edc5947d56e6d76f0e505dc0b9c84c74875f29ad,0b0464e4cce8a4e4,750,639,peru; south coast; tiwanaku; wari,cotton; textile; wool,Peru textile; South Coast textile; Tiwanaku textile; Wari textile,data/metadata/cma_corpus_secundario_revisado.csv,
CMA:126684,CMA,126684,1949.12,Cleveland Museum of Art,https://clevelandart.org/art/1949.12,https://openaccess-cdn.clevelandart.org/1949.12/1949.12_web.jpg,,data/images/cma/126684.jpg,Tunic with Profile Animal and Human Heads,,"Wari tunics are made of two long panels folded at the shoulder line and stitched together at center and side seams, with openings left for the head and arms. The looms on which the panels were woven measured about 80 x 20 inches, with the warps spanning the short dimension. Thus, the warps are horizontal rather than vertical in the garment as it was worn. This orientation is unusual and seems to have influenced the construction of later Inca tunics. In this example, the imagery comprises two profile heads that alternate, one a human and the other an animal that may represent a deer or a bat. Such tunics were luxury goods worn only by privileged individuals.","Peru, South Coast, Wari Culture, Middle Horizon, 8th-12th Century",,c. 700–1100,,Textiles,Textile,Textile,,,,,tapestry weave: wool,,,,,principal,mantener,aceptar_principal,mantener,,candidate,revision_manual_cma_v2,cc0,share_license_status=CC0,,parcial,sin_anotar,util,,,3d6c9365fac20eb2798f6ff293d81e7d0f455521522d48b5142a99285a90ee28,dad2e8a8b6b2b2b2,891,893,inca; peru; south coast; wari,garment; textile; tunic; wool; woven,Inca textile; Peru textile; South Coast textile; Wari textile,data/metadata/cma_corpus_principal_revisado.csv,
CMA:126795,CMA,126795,1949.192,Cleveland Museum of Art,https://clevelandart.org/art/1949.192,https://openaccess-cdn.clevelandart.org/1949.192/1949.192_web.jpg,,data/images/cma/126795.jpg,Four-Cornered Hat,,,"Peru, South Coast, Ica Valley, Inca Culture, 15th-16th century",,c. 1400–1532,,Textiles,Textile,Textile,,,,,camelid fiber,,,,,complementario,mantener,aceptar_secundario,mantener,,candidate,revision_manual_cma_v2,cc0,share_license_status=CC0,,parcial,sin_anotar,util,,,8f71325be6462b153bb848d9b6af39f68d71201129f49ca522fe382ea48fa621,234d54dcd4dcd4f0,900,757,inca; peru; south coast,camelid; fiber; textile,Inca textile; Peru textile; South Coast textile,data/metadata/cma_corpus_secundario_revisado.csv,
CMA:126796,CMA,126796,1949.193,Cleveland Museum of Art,https://clevelandart.org/art/1949.193,https://openaccess-cdn.clevelandart.org/1949.193/1949.193_web.jpg,,data/images/cma/126796.jpg,Four-Cornered Hat,,,"Peru, South Coast, Wari Culture, Middle Horizon, 8th-12th Century",,c. 700–1100,,Textiles,Textile,Textile,,,,,"sides: cotton and wool plain cloth, brocaded; top: wool fancy cloth (?)",,,,,complementario,mantener,aceptar_secundario,mantener,,candidate,revision_manual_cma_v2,cc0,share_license_status=CC0,,parcial,sin_anotar,util,,,47e0af2e606515f434456497b652a2418b53651e1d53d989d13013986fe8e550,136d6cdcdcccccf8,900,823,peru; south coast; wari,cloth; cotton; textile; wool,Peru textile; South Coast textile; Wari textile,data/metadata/cma_corpus_secundario_revisado.csv,
CMA:128454,CMA,128454,1951.393,Cleveland Museum of Art,https://clevelandart.org/art/1951.393,https://openaccess-cdn.clevelandart.org/1951.393/1951.393_web.jpg,,data/images/cma/128454.jpg,Half Tunic,,"The ""t'oqapu"" waistband and the deep V-yoke were standard decorations of Inca tunics. However, the fantastic animals represented in the yoke and the floral motifs in the main field identify this tunic as dating after the Spanish Conquest in 1532.","Peru, South Coast, Inca Culture, Colonial Period, 16th century",,16th century,,Textiles,Textile,Textile,,,,,interlocked tapestry; cotton and wool,,,,,principal,mantener,aceptar_principal,mantener,,candidate,revision_manual_cma_v2,cc0,share_license_status=CC0,,parcial,sin_anotar,util,,,3b59679df9f2cbf59b418f65b0e912c6369dd0a7fcd878507cd62c819c2814d6,ba9e8e8a96ae8abe,725,893,inca; peru; south coast,cotton; textile; tunic; wool,Inca textile; Peru textile; South Coast textile,data/metadata/cma_corpus_principal_revisado.csv,
CMA:130555,CMA,130555,1953.288,Cleveland Museum of Art,https://clevelandart.org/art/1953.288,https://openaccess-cdn.clevelandart.org/1953.288/1953.288_web.jpg,,data/images/cma/130555.jpg,Large Cloth,,,"Peru, North Coast, Chimu-Inka",,"1460–1632 (radiocarbon date, 95% probability)",,Textiles,Textile,Textile,,,,,"plain tabby, brocaded: wool and cotton",,,,,principal,mantener,aceptar_principal,mantener,,candidate,revision_manual_cma_v2,cc0,share_license_status=CC0,,parcial,sin_anotar,util,,,91f6799433f014738ad7617663291c5e0f62d9ce42c28216c0fe87c88a89f8d3,d8fadadada98cece,1263,706,chimu; north coast; peru,cloth; cotton; textile; wool,Chimu textile; North Coast textile; Peru textile,data/metadata/cma_corpus_principal_revisado.csv,
CMA:134395,CMA,134395,1956.84,Cleveland Museum of Art,https://clevelandart.org/art/1956.84,https://openaccess-cdn.clevelandart.org/1956.84/1956.84_web.jpg,,data/images/cma/134395.jpg,Tunic,,,"Peru, South Coast, Wari Culture, Middle Horizon, 8th-12th Century",,c. 700–1100,,Textiles,Textile,Textile,,,,,tapestry; interlocked wefts and areas of eccentric weaving: wool and cotton,,,,,principal,mantener,aceptar_principal,mantener,,candidate,revision_manual_cma_v2,cc0,share_license_status=CC0,,parcial,sin_anotar,util,,,a7b2292329229bd51f06bd022960480cd8782e5be241460e6b4052735f78ed7b,b4b6d296d2d094d2,750,712,peru; south coast; wari,cotton; textile; tunic; weaving; wool,Peru textile; South Coast textile; Wari textile,data/metadata/cma_corpus_principal_revisado.csv,
CMA:134604,CMA,134604,1957.136,Cleveland Museum of Art,https://clevelandart.org/art/1957.136,https://openaccess-cdn.clevelandart.org/1957.136/1957.136_web.jpg,,data/images/cma/134604.jpg,Tunic,,"Finely woven interlocked tapestry garments were a privilege of the nobility within the Inca Empire. Such garments were made throughout the vast Inca territory by women of noble families, by professional weavers, and by the Aclla (Chosen Women). These specialists lived in cloistered communities and served the state by brewing beer and weaving fine cloth. The products of their labor were redistributed by the Inca state as prized gifts to loyal vassals and allies. The standardized decorative scheme of this tunic, known as the Inca Key, is one of the most common Inca tunic patterns.","Peru, Inca, 15th-16th century",,c. 1400–1540,,Textiles,Textile,Textile,,,,,tapestry; cotton and camelid fiber,,,,,principal,mantener,aceptar_principal,mantener,,candidate,revision_manual_cma_v2,cc0,share_license_status=CC0,,parcial,sin_anotar,util,,,51a208027b47fbdb94b03d3da6356099a6f42b33c308a72537054f7616961e2d,b2aee8cacc96a2ae,805,893,inca; peru,camelid; cloth; cotton; fiber; textile; tunic; weaving; woven,Inca textile; Peru textile,data/metadata/cma_corpus_principal_revisado.csv,
CMA:134765,CMA,134765,1957.340,Cleveland Museum of Art,https://clevelandart.org/art/1957.340,https://openaccess-cdn.clevelandart.org/1957.340/1957.340_web.jpg,,data/images/cma/134765.jpg,Fragment,,,"Peru, South Coast, Nasca-Huari style",,c. 600–700,,Textiles,Textile,Textile,,,,,interlocking warp and weft: wool,,,,,principal,mantener,aceptar_principal,mantener,,candidate,revision_manual_cma_v2,cc0,share_license_status=CC0,,parcial,sin_anotar,util,,,a0548dc83978328a8e3655933af5955fe44a0c7f748f6d2072618b1301a46e2e,6ececedc921cac9d,1263,663,huari; nasca; peru; south coast,textile; wool,Huari textile; Nasca textile; Peru textile; South Coast textile,data/metadata/cma_corpus_principal_revisado.csv,
CMA:134948,CMA,134948,1957.495,Cleveland Museum of Art,https://clevelandart.org/art/1957.495,https://openaccess-cdn.clevelandart.org/1957.495/1957.495_web.jpg,,data/images/cma/134948.jpg,Tapestry Square Panel,,,"Peru, South Coast, Wari Culture, Middle Horizon, 8th-12th Century",,c. 700–1100,,Textiles,Tapestry,Tapestry,,,,,tapestry with interlocked wefts: wool and cotton,,,,,principal,mantener,aceptar_principal,mantener,,candidate,revision_manual_cma_v2,cc0,share_license_status=CC0,,parcial,sin_anotar,util,,,84e824b83ba638c371a12f589d353a369060efbb4f797e0348aff81fb4d48abb,ce58d88caae0698c,883,893,peru; south coast; wari,cotton; wool,Peru textile; South Coast textile; Wari textile,data/metadata/cma_corpus_principal_revisado.csv,
CMA:135408,CMA,135408,1958.412,Cleveland Museum of Art,https://clevelandart.org/art/1958.412,https://openaccess-cdn.clevelandart.org/1958.412/1958.412_web.jpg,,data/images/cma/135408.jpg,Feathered Tabard or Tunic,,,"Andes, 7th-15th century",,600–1500,,Textiles,Textile,Textile,,,,,feather mosaic on cotton,,,,,complementario,mantener,aceptar_secundario,mantener,,candidate,revision_manual_cma_v2,cc0,share_license_status=CC0,,parcial,sin_anotar,util,,,611766c0a39d55b6e2f15f956a0240db69b958fcc40c522ca44bbf22c4cdae49,e2b28e8cb0b2b086,873,893,andes,cotton; textile; tunic,Andes textile,data/metadata/cma_corpus_secundario_revisado.csv,
CMA:137312,CMA,137312,1962.240,Cleveland Museum of Art,https://clevelandart.org/art/1962.240,https://openaccess-cdn.clevelandart.org/1962.240/1962.240_web.jpg,,data/images/cma/137312.jpg,Embroidered Fragment,,,"Peru, South Coast, Paracas",,c. 650–100 BCE,,Textiles,Embroidery,Embroidery,,,,,wool embroidery on wool tabby ground,,,,,principal,mantener,aceptar_principal,mantener,,candidate,revision_manual_cma_v2,cc0,share_license_status=CC0,,parcial,sin_anotar,util,,,62e7d5dc6a0c287a8d37b806eed3edefac575a63db5099031d47570dfaaebd8a,feb2ba9a92a6a68e,750,650,paracas; peru; south coast,wool,Paracas textile; Peru textile; South Coast textile,data/metadata/cma_corpus_principal_revisado.csv,
CMA:149062,CMA,149062,1977.190,Cleveland Museum of Art,https://clevelandart.org/art/1977.190,https://openaccess-cdn.clevelandart.org/1977.190/1977.190_web.jpg,,data/images/cma/149062.jpg,Fragment,,,"Peru, Central Coast, Chancay, 12th-15th century",,c. 1100–1400,,Textiles,Textile,Textile,,,,,tapestry: cotton and wool,,,,,principal,mantener,aceptar_principal,mantener,,candidate,revision_manual_cma_v2,cc0,share_license_status=CC0,,parcial,sin_anotar,util,,,b3c1365eca65ee4842e0c821e61ad1b625f94a5948bcf7b6ddbe8d517d32afd6,cb85a291c8e4b2e2,1263,892,chancay; peru,cotton; textile; wool,Chancay textile; Peru textile,data/metadata/cma_corpus_principal_revisado.csv,
CMA:152258,CMA,152258,1985.139,Cleveland Museum of Art,https://clevelandart.org/art/1985.139,https://openaccess-cdn.clevelandart.org/1985.139/1985.139_web.jpg,,data/images/cma/152258.jpg,Two Textile Fragment with Fanged Heads,,"These two rare fragments of equal size and mounted side by side feature fanged heads connected by a fanged mouth band. Each band ascends as a column above a rectangular, disembodied eye that implies the original presence of large figures or heads beneath the bands. Fanged heads are common markers of the supernatural in Chavín art, an early style that developed in the highlands of Peru. The original textile may have served as a ceremonial wall hanging.","Peru, South Coast, Ica Valley, Chavín style",,500–200 BCE,,Textiles,Textile,Textile,,,,,cotton: plain weave patterned by fiber-wrapped warps and supplementary wefts,,,,,principal,mantener,aceptar_principal,mantener,,candidate,revision_manual_cma_v2,cc0,share_license_status=CC0,,parcial,sin_anotar,util,,,2f24b98bf19630d9344cef42f21be96bd661d7bd18a5dec28fe5492b6aaef595,9a8fcd93cd4dcc4d,495,893,peru; south coast,cotton; fiber; textile,Peru textile; South Coast textile,data/metadata/cma_corpus_principal_revisado.csv,
CMA:152334,CMA,152334,1985.193,Cleveland Museum of Art,https://clevelandart.org/art/1985.193,https://openaccess-cdn.clevelandart.org/1985.193/1985.193_web.jpg,,data/images/cma/152334.jpg,Mantle Border Fragment with Oculate Being,,"This border fragment features a supernatural being apparently at the center of a religion that swept the south coast during the final stages of the Paracas culture. Known as the Oculate Being after its huge eyes, it is affiliated with fertility and violence—note the darts it holds in one hand. Both large and small versions of the being are embroidered on the fragment, which likely comes from the border of a large, rectangular, shawl-like garment known as a mantle.","Peru, South Coast, Paracas (Cavernas) style (700 BCE–1 CE)",,200 BCE–200 CE,,Textiles,Embroidery,Embroidery,,,,,"camelid fiber, embroidery over foundation cloth",,,,,principal,mantener,aceptar_principal,mantener,,candidate,revision_manual_cma_v2,cc0,share_license_status=CC0,,parcial,sin_anotar,util,,,fd26c82426681e52e920159009acfc2e13f46b4fb6735d8f0f80bad4653c1f14,c4d4d4d4d0d4d4c4,181,893,paracas; peru; south coast,camelid; cloth; fiber; garment; mantle; textile,Paracas textile; Peru textile; South Coast textile,data/metadata/cma_corpus_principal_revisado.csv,
CMA:152819,CMA,152819,1985.7,Cleveland Museum of Art,https://clevelandart.org/art/1985.7,https://openaccess-cdn.clevelandart.org/1985.7/1985.7_web.jpg,,data/images/cma/152819.jpg,Two Tapestry-woven Panel Fragments,,"These two fragments, mounted side-by-side, come from the Chimú (<em>chee-</em><strong><em>moo</em></strong>) Empire of Peru’s north coast. Each features horizontal rows containing four frontal figures. The rows alternate with wider registers, each with an H shape that represents a litter seen from above. A form of transport reserved for only the most esteemed members of society, the litter would have been carried by human porters via poles at each corner. Scattered around each are small creatures, including birds, a fish (located beneath), and two insect-like creatures posed as if they were carrying the litter. The objects hovering above the litter have not been identified.","Central Andes, North Coast, Chimú people",,1000–1460s,,Textiles,Tapestry,Tapestry,,,,,"camelid fiber and cotton, tapestry weave",,,,,principal,mantener,aceptar_principal,mantener,,candidate,revision_manual_cma_v2,cc0,share_license_status=CC0,,parcial,sin_anotar,util,,,b071f6d2a52222761a8e65071d105a8335313fbf947a14f205f4625ce568be6d,82a2a2b2b2b2aaa6,555,900,andes; north coast; peru,camelid; cotton; fiber; woven,Andes textile; Chimu textile; North Coast textile; Peru textile,data/metadata/cma_corpus_principal_revisado.csv,
CMA:155505,CMA,155505,1990.225,Cleveland Museum of Art,https://clevelandart.org/art/1990.225,https://openaccess-cdn.clevelandart.org/1990.225/1990.225_web.jpg,,data/images/cma/155505.jpg,Textile Fragment,,,"Peru, North Coast, 9th-12th Century",,800–1100,,Textiles,Textile,Textile,,,,,"slit tapestry, cotton warp, camelid-fiber wefts",,,,,principal,mantener,aceptar_principal,mantener,,candidate,revision_manual_cma_v2,cc0,share_license_status=CC0,,parcial,sin_anotar,util,,,9d286956281ffda27b197b5feadcc3c357a1c5b9bb3fdea90f246b75e7ab8185,b2baa2a8b2b296b4,900,827,north coast; peru,camelid; cotton; fiber; textile,North Coast textile; Peru textile,data/metadata/cma_corpus_principal_revisado.csv,
CMA:155829,CMA,155829,1991.141,Cleveland Museum of Art,https://clevelandart.org/art/1991.141,https://openaccess-cdn.clevelandart.org/1991.141/1991.141_web.jpg,,data/images/cma/155829.jpg,Male Figure with Modern Additions,,,"Peru, Central Coast, Chancay people",,1100–1500,,Textiles,Miscellaneous,Miscellaneous,,,,,"Original elements include the head and tunic; added elements include the skirt, red fringe, and belt; Cotton, camelid fiber, reeds; Slit tapestry (tunic and face); plain weave with supplementary weft (skirt)",,,,,complementario,mantener,aceptar_secundario,mantener,,candidate,revision_manual_cma_v2,cc0,share_license_status=CC0,,parcial,sin_anotar,util,,,918ea256f80164738b549c67cc365bd1582ca15111c55d4258c975f96d4507d1,737373c9c9c9d0f8,600,900,chancay; peru,camelid; cotton; fiber; tunic,Chancay textile; Peru textile,data/metadata/cma_corpus_secundario_revisado.csv,
CMA:155934,CMA,155934,1991.223,Cleveland Museum of Art,https://clevelandart.org/art/1991.223,https://openaccess-cdn.clevelandart.org/1991.223/1991.223_web.jpg,,data/images/cma/155934.jpg,Tapestry Fragment,,"The prominent figure with an elaborate headdress duplicated on this brightly colored fragment is known today as a “Lord,” a term that reveals uncertainty about his identity but confidence in his prestige. Whether a king or a deity, he was crucially important to the north coast Lambayeque (lahm-buy-YEK-kay) (Sicán) people, who often portrayed him in a wide range of media. The geometric motif that repeats in the nine central squares is unidentified.","Peru, North Coast, Lambayeque (Sicán) people",,700–1370s,,Textiles,Tapestry,Tapestry,,,,,"camelid fiber and cotton, tapestry weave",,,,,principal,mantener,aceptar_principal,mantener,,candidate,revision_manual_cma_v2,cc0,share_license_status=CC0,,parcial,sin_anotar,util,,,7c9d4b1b5146f77eece3623089cc561771b3ebb850fe30e7920a4c234ffc3182,e68eccaaaac4c4d0,392,900,north coast; peru,camelid; cotton; fiber,North Coast textile; Peru textile,data/metadata/cma_corpus_principal_revisado.csv,
CMA:156237,CMA,156237,1992.103,Cleveland Museum of Art,https://clevelandart.org/art/1992.103,https://openaccess-cdn.clevelandart.org/1992.103/1992.103_web.jpg,,data/images/cma/156237.jpg,Tapestry Panel,,"The design of this panel depends on the repetition of a single motif: a small, geometricized head set inside a stepped V, which seems to represent the stylized bodies and wings of two birds. This motif, woven in different color combinations, alternates between up and down to form a sophisticated interlocking pattern that has no proper top and bottom. The panel probably once belonged to a garment.","Peru, Central Coast, Chancay-Chimú style, 11th-15th century",,1000–1460s,,Textiles,Tapestry,Tapestry,,,,,"camelid fiber and cotton, tapestry weave",,,,,principal,mantener,aceptar_principal,mantener,,candidate,revision_manual_cma_v2,cc0,share_license_status=CC0,,parcial,sin_anotar,util,,,cb4328bbc47bffc60f7fb62bfc0d35d0b1d0ee1ac9e09fbac9b7011e4cc98141,dae0a2d2c2e6e6d8,466,893,chancay; peru,camelid; cotton; fiber; garment; woven,Chancay textile; Chimu textile; Peru textile,data/metadata/cma_corpus_principal_revisado.csv,
CMA:156248,CMA,156248,1992.104,Cleveland Museum of Art,https://clevelandart.org/art/1992.104,https://openaccess-cdn.clevelandart.org/1992.104/1992.104_web.jpg,,data/images/cma/156248.jpg,Feathered Tabard or Tunic,,,"Andes, 7th-15th century",,600–1500,,Textiles,Textile,Textile,,,,,black and white feathers sewn to cotton tabby ground,,,,,complementario,mantener,aceptar_secundario,mantener,,candidate,revision_manual_cma_v2,cc0,share_license_status=CC0,,parcial,sin_anotar,util,,,cce8caedc67d5eb052eed858306bd2a6dd10ca00be7fb41cf5b885de652f17e8,4d4d4d4d4d4d4d4d,1263,855,andes,cotton; textile; tunic,Andes textile,data/metadata/cma_corpus_secundario_revisado.csv,
CMA:156260,CMA,156260,1992.105,Cleveland Museum of Art,https://clevelandart.org/art/1992.105,https://openaccess-cdn.clevelandart.org/1992.105/1992.105_web.jpg,,data/images/cma/156260.jpg,Feathered Tabard or Tunic,,,"Andes, 7th-15th century",,600–1500,,Textiles,Textile,Textile,,,,,polychrome feathers sewn to cotton tabby ground,,,,,complementario,mantener,aceptar_secundario,mantener,,candidate,revision_manual_cma_v2,cc0,share_license_status=CC0,,parcial,sin_anotar,util,,,29e51b3d5a981001660b1fb733a83d7ea824889e261f1ade5c7e86e101d639b2,b333139333331313,1263,688,andes,cotton; textile; tunic,Andes textile,data/metadata/cma_corpus_secundario_revisado.csv,
CMA:157111,CMA,157111,1993.242,Cleveland Museum of Art,https://clevelandart.org/art/1993.242,https://openaccess-cdn.clevelandart.org/1993.242/1993.242_web.jpg,,data/images/cma/157111.jpg,Triple Cloth,,,"Peru, Recuay",,400 BCE–700 CE,,Textiles,Textile,Textile,,,,,triple cloth: wool,,,,,principal,mantener,aceptar_principal,mantener,,candidate,revision_manual_cma_v2,cc0,share_license_status=CC0,,parcial,sin_anotar,util,,,165ca455a33178b4c40dac551836394a00532ea9ac62f532913ae27ca3102b8e,3032323232323210,685,893,peru,cloth; textile; wool,Peru textile,data/metadata/cma_corpus_principal_revisado.csv,
CMA:157112,CMA,157112,1993.243,Cleveland Museum of Art,https://clevelandart.org/art/1993.243,https://openaccess-cdn.clevelandart.org/1993.243/1993.243_web.jpg,,data/images/cma/157112.jpg,Double Cloth,,,"Peru, Recuay",,400 BCE–700 CE,,Textiles,Textile,Textile,,,,,wool,,,,,principal,mantener,aceptar_principal,mantener,,candidate,revision_manual_cma_v2,cc0,share_license_status=CC0,,parcial,sin_anotar,util,,,41726e1f9df5d03f756c5469454aa38ddbe8420503bab89cc8dcbb3eaffcad28,3032323232323210,710,893,peru,cloth; textile; wool,Peru textile,data/metadata/cma_corpus_principal_revisado.csv,
CMA:159839,CMA,159839,1997.150,Cleveland Museum of Art,https://clevelandart.org/art/1997.150,https://openaccess-cdn.clevelandart.org/1997.150/1997.150_web.jpg,,data/images/cma/159839.jpg,Four-Cornered Hat,,"A distinctive type of Tiwanaku and Wari headgear was a hat with four ear-like peaks rising from the corners. Depicted on warriors and other men who wear prestigious clothing and ornaments, the hats were made with knots, visible on all sides of this handsome Tiwanaku example. The hat is decorated with a pattern that includes a profile bird head.","Peru, South Andes or Chile, Northern Andes, Tiwanaku style, 5th-10th Century",,c. 400–1000,,Textiles,Textile,Textile,,,,,alpaca,,,,,complementario,mantener,aceptar_secundario,mantener,,candidate,revision_manual_cma_v2,cc0,share_license_status=CC0,,parcial,sin_anotar,util,,,000832f40afcd569dc1ab1b60abf2e09ab973fb44a7d580a4fc80c6bd50a289c,03970f097569696c,1006,893,andes; peru; tiwanaku; wari,textile,Andes textile; Peru textile; Tiwanaku textile; Wari textile,data/metadata/cma_corpus_secundario_revisado.csv,
CMA:160691,CMA,160691,1998.52,Cleveland Museum of Art,https://clevelandart.org/art/1998.52,https://openaccess-cdn.clevelandart.org/1998.52/1998.52_web.jpg,,data/images/cma/160691.jpg,Trapezoidal Bag,,,"Peru, South Coast, Arica culture, or Chile, North Coast, 13th-15th century",,1200–1400,,Textiles,Textile,Textile,,,,,alpaca wool,,,,,principal,mantener,aceptar_principal,mantener,,candidate,revision_manual_cma_v2,cc0,share_license_status=CC0,,parcial,sin_anotar,util,,,862a5abed3061040badd421e9bc62aeddb02049c0ea5c45577c50b5514646f4d,656cececec28ac6c,706,893,north coast; peru; south coast,textile; wool,North Coast textile; Peru textile; South Coast textile,data/metadata/cma_corpus_principal_revisado.csv,
CMA:160692,CMA,160692,1998.53,Cleveland Museum of Art,https://clevelandart.org/art/1998.53,https://openaccess-cdn.clevelandart.org/1998.53/1998.53_web.jpg,,data/images/cma/160692.jpg,Trapezoidal Bag,,,"Peru, South Coast, Arica culture, or Chile, North Coast, 13th-15th century",,1200–1400,,Textiles,Textile,Textile,,,,,alpaca wool,,,,,principal,mantener,aceptar_principal,mantener,,candidate,revision_manual_cma_v2,cc0,share_license_status=CC0,,parcial,sin_anotar,util,,,e3e5b185c8cd6e6a93803fa9985063c09bc4d2a311b3139ae793f246eb5bb740,6961f1e0d4d89ac0,768,893,north coast; peru; south coast,textile; wool,North Coast textile; Peru textile; South Coast textile,data/metadata/cma_corpus_principal_revisado.csv,
CMA:162398,CMA,162398,2002.93,Cleveland Museum of Art,https://clevelandart.org/art/2002.93,https://openaccess-cdn.clevelandart.org/2002.93/2002.93_web.jpg,,data/images/cma/162398.jpg,Feathered Panel,,"Of all the luxury textile types made in the ancient Andes, feathered cloth was one of the most esteemed. This panel may come from a buried offering that contained more than a half-dozen large human-effigy vessels made of ceramic; inside the vessels were 96 rolled panels, all covered with the feathers of the tropical blue-and-yellow macaw. The ties that survive on the upper corners of some panels suggest they served as hangings that transformed a space from mundane to radiant and ceremonial.","Peru, Far South Coast, Pampa Ocoña, 7th-10th century",,600–900,,Textiles,Textile,Textile,,,,,Papagayo macaw feathers knotted onto strings and stitched to cotton plain-weave cloth; camelid fiber plain-weave cloth upper tape,,,,,complementario,mantener,aceptar_secundario,mantener,,candidate,revision_manual_cma_v2,cc0,share_license_status=CC0,,parcial,sin_anotar,util,,,20ffaa106395e72ba33f498423d6ce99b6f4692fe3907545dfac0493a1ee9ff4,a4a4a4a4dadadafa,1263,472,andes; peru; south coast,camelid; cloth; cotton; fiber; textile,Andes textile; Peru textile; South Coast textile,data/metadata/cma_corpus_secundario_revisado.csv,
CMA:163622,CMA,163622,2005.13,Cleveland Museum of Art,https://clevelandart.org/art/2005.13,https://openaccess-cdn.clevelandart.org/2005.13/2005.13_web.jpg,,data/images/cma/163622.jpg,Textile Fragment with Three Frontal Deities and Interlace Pattern,,"This textile fragment and (2005.14), belong to a group that represents Andean weavers’ earliest known achievements in double cloth, a technique that allows the creation of identical designs on both faces of the cloth but in reversed colors. They also record the devotion to abstraction typical of the Paracas style. One features three repeats of a highly geometrical standing deity with a fanged mouth. The other includes several stylized deity heads and a blocky, frontally posed feline. The type of garment that these fragments come from remains <br>unknown.","Peru, South Coast, Paracas (700 BC -AD 1), Yauca Valley?",,700–400 BCE,,Textiles,Textile,Textile,,,,,camelid fiber; double-cloth with structural embroidery,,,,,principal,mantener,aceptar_principal,mantener,,candidate,revision_manual_cma_v2,cc0,share_license_status=CC0,,parcial,sin_anotar,util,,,e7378a5b05f856e67748409b04bbb8606c2befb38508a03519199f299047c4d5,c2c2deda82c2e6ca,211,900,andean; paracas; peru; south coast,camelid; cloth; fiber; garment; textile,Andean textile; Paracas textile; Peru textile; South Coast textile,data/metadata/cma_corpus_principal_revisado.csv,
CMA:163640,CMA,163640,2005.14,Cleveland Museum of Art,https://clevelandart.org/art/2005.14,https://openaccess-cdn.clevelandart.org/2005.14/2005.14_web.jpg,,data/images/cma/163640.jpg,"Textile Fragment with Frontal Deity Heads, Felines, and Interlace Pattern",,"This textile fragment and (2005.13), belong to a group that represents Andean weavers’ earliest known achievements in double cloth, a technique that allows the creation of identical designs on both faces of the cloth but in reversed colors. They also record the devotion to abstraction typical of the Paracas style. One features three repeats of a highly geometrical standing deity with a fanged mouth. The other includes several stylized deity heads and a blocky, frontally posed feline. The type of garment that these fragments come from remains <br>unknown.","Peru, South Coast, Paracas, Yauca Valley(?)",,700–400 BCE,,Textiles,Textile,Textile,,,,,camelid fiber; double-cloth with structural embroidery,,,,,principal,mantener,aceptar_principal,mantener,,candidate,revision_manual_cma_v2,cc0,share_license_status=CC0,,parcial,sin_anotar,util,,,6ed53ccf66e33be963f6a29e9fcdd70b0cfd7d6ebfd0bada9d8d61c824d56304,8a96a4a2a2a2cc8e,243,900,andean; paracas; peru; south coast,camelid; cloth; fiber; garment; textile,Andean textile; Paracas textile; Peru textile; South Coast textile,data/metadata/cma_corpus_principal_revisado.csv,
CMA:163676,CMA,163676,2005.15,Cleveland Museum of Art,https://clevelandart.org/art/2005.15,https://openaccess-cdn.clevelandart.org/2005.15/2005.15_web.jpg,,data/images/cma/163676.jpg,Textile Fragment with Interlace Pattern,,,"Peru, South Coast, Paracas, Yauca Valley(?)",,700–400 BCE,,Textiles,Textile,Textile,,,,,camelid fiber and cotton; brocaded plain-weave,,,,,principal,mantener,aceptar_principal,mantener,,candidate,revision_manual_cma_v2,cc0,share_license_status=CC0,,parcial,sin_anotar,util,,,7849e36041ca4c267f873befcd0886fed60fb0bcda9ed6ecca350a6cb3a92c5b,f0d0d2d2b43474c6,1263,542,paracas; peru; south coast,camelid; cotton; fiber; textile,Paracas textile; Peru textile; South Coast textile,data/metadata/cma_corpus_principal_revisado.csv,
CMA:163708,CMA,163708,2005.16,Cleveland Museum of Art,https://clevelandart.org/art/2005.16,https://openaccess-cdn.clevelandart.org/2005.16/2005.16_web.jpg,,data/images/cma/163708.jpg,Tunic with Profile Animals and Checkerboards,,"The imagery in the central field of this unique tunic—animals with long tails and three-toed feet—seems to have been created by painting a slurry-like material on the pale areas to protect them when the fabric was immersed in a bath that turned other areas light brown. Then the slurry was removed, revealing the pattern. The checkerboard areas at the sides, on the other hand, are woven with brown and cream-colored yarns. Specialists puzzle over the origins of the tunic, some attributing it to the Paracas (700 BCE–1 CE) and others to the Nasca (100 BCE–650 CE), who sprang from Paracas roots.","Peru, South Coast, Paracas or Nasca?",,"410–540 CE (radiocarbon date, 93% probability)",,Textiles,Textile,Textile,,,,,cotton; dye-patterned plain weave,,,,,principal,mantener,aceptar_principal,mantener,,candidate,revision_manual_cma_v2,cc0,share_license_status=CC0,,parcial,sin_anotar,util,,,92a9f0112be2934b1543dfc6c43d910fec6647b3a1577e95d2afa59f12bff578,aeaa8ebaaeaeaa86,900,665,nasca; paracas; peru; south coast,cotton; textile; tunic; woven,Nasca textile; Paracas textile; Peru textile; South Coast textile,data/metadata/cma_corpus_principal_revisado.csv,
CMA:163724,CMA,163724,2005.17,Cleveland Museum of Art,https://clevelandart.org/art/2005.17,https://openaccess-cdn.clevelandart.org/2005.17/2005.17_web.jpg,,data/images/cma/163724.jpg,Tunic with Double-headed Serpents,,"Gauze weave was used to pattern this tunic with interlocking, double-headed serpents that may <br>have had mythical or supernatural significance. By manipulating the density of the fabric to create the design, the weaver may have sidestepped a limitation of cotton, which did not readily take dyes.","Peru, South Coast, Ica Valley, Ocucaje site?, Paracas people (700 BCE-1 CE)",,400–200 BCE,,Textiles,Textile,Textile,,,,,cotton; gauze,,,,,principal,mantener,aceptar_principal,mantener,,candidate,revision_manual_cma_v2,cc0,share_license_status=CC0,,parcial,sin_anotar,util,,,97a38e8dc5045785d4d30a50143bd03c7ce1592e5ade7772fae05d622ab054e8,1353777775754d4d,860,900,paracas; peru; south coast,cotton; textile; tunic,Paracas textile; Peru textile; South Coast textile,data/metadata/cma_corpus_principal_revisado.csv,
CMA:163758,CMA,163758,2005.18,Cleveland Museum of Art,https://clevelandart.org/art/2005.18,https://openaccess-cdn.clevelandart.org/2005.18/2005.18_web.jpg,,data/images/cma/163758.jpg,Panel from the End of a Sash,,,"Peru, South Coast, Paracas, Carhua or Chucho?",,700–1 BCE,,Textiles,Textile,Textile,,,,,cotton; camelid fiber; tapestry and plain-weave,,,,,principal,mantener,aceptar_principal,mantener,,candidate,revision_manual_cma_v2,cc0,share_license_status=CC0,,parcial,sin_anotar,util,,,f507d70030ce409aa6b3acb7a8978ea4bab3bdff6581b590386008017f233655,f4fc746090808296,1263,822,paracas; peru; south coast,camelid; cotton; fiber; textile,Paracas textile; Peru textile; South Coast textile,data/metadata/cma_corpus_principal_revisado.csv,
CMA:163781,CMA,163781,2005.19,Cleveland Museum of Art,https://clevelandart.org/art/2005.19,https://openaccess-cdn.clevelandart.org/2005.19/2005.19_web.jpg,,data/images/cma/163781.jpg,Fragment of a Mantle with Oculate Being,,,"Peru, South Coast, Paracas, Carhua?",,200–1 BCE,,Textiles,Textile,Textile,,,,,cotton; double-cloth,,,,,principal,mantener,aceptar_principal,mantener,,candidate,revision_manual_cma_v2,cc0,share_license_status=CC0,,parcial,sin_anotar,util,,,7086e40ffc37f1687e1f039de2510465b40845dd924a68bfea9bf1f372e71343,9ad2dec6921e9e9d,1254,893,paracas; peru; south coast,cloth; cotton; mantle; textile,Paracas textile; Peru textile; South Coast textile,data/metadata/cma_corpus_principal_revisado.csv,
CMA:164419,CMA,164419,2005.5,Cleveland Museum of Art,https://clevelandart.org/art/2005.5,https://openaccess-cdn.clevelandart.org/2005.5/2005.5_web.jpg,,data/images/cma/164419.jpg,"Peruvian Textiles: Mantle or Hanging, Loincloth, Turban, Padded Hat, Band with Tassels",,"Although these textiles are similar in appearance and technical features, it is not clear that they were found or used together. They are said to come from the region of Chan Chan, the capital of the Chimú Empire. To see the record for each, click “see all set records,” above.","Peru, North Coast, Chimú style, 1200-1460s",,1405–1640,,Textiles,Textile,Textile,,,,,"cotton; plain weave, brocaded and complex alternating gauze with 3 or 5 shots of plain weave between gauze shots",,,,,principal,mantener,aceptar_principal,mantener,,candidate,revision_manual_cma_v2,cc0,share_license_status=CC0,,parcial,sin_anotar,util,,,b1d732c460968e25b3338083c0a0543f75765692989a4110b1b3f46d811279b5,d2929a98989890b6,900,538,north coast; peru; peruvian,cotton; mantle; textile,Chimu textile; North Coast textile; Peru textile; Peruvian textile,data/metadata/cma_corpus_principal_revisado.csv,
CMA:164421,CMA,164421,2005.5.2,Cleveland Museum of Art,https://clevelandart.org/art/2005.5.2,https://openaccess-cdn.clevelandart.org/2005.5.2/2005.5.2_web.jpg,,data/images/cma/164421.jpg,Loincloth,,"Loincloths were basic men’s wear in ancient Peru. But the extraordinary size of some examples—this one is about eight feet long, unfolded—makes it difficult to know how they were worn, except that they were tied around the waist with the decorated panels hanging at the front and back of the body. The appearance may have been that of a billowing skirt.","Peru, North Coast, Chimú style, 1200–1460s",,"1425–1500 (radiocarbon date, 92.3% probability)",,Textiles,Garment,Garment,,,,,"cotton; plain weave, brocaded and complex alternating gauze with 5 shots of plain weave between gauze shots",,,,,principal,mantener,aceptar_principal,mantener,,candidate,revision_manual_cma_v2,cc0,share_license_status=CC0,,parcial,sin_anotar,util,,,8df41ff16ae86e0861527799886779c2016c4da1c569d93ad9399e517339dd00,3f07070f96170727,800,900,north coast; peru,cotton; garment,Chimu textile; North Coast textile; Peru textile,data/metadata/cma_corpus_principal_revisado.csv,
CMA:164422,CMA,164422,2005.5.3,Cleveland Museum of Art,https://clevelandart.org/art/2005.5.3,https://openaccess-cdn.clevelandart.org/2005.5.3/2005.5.3_web.jpg,,data/images/cma/164422.jpg,Turban,,"Chimú garments like this one consist of a large, rectangular central section—here measuring some 65 inches by 50 inches—with decorated tabs stitched to two opposite corners. Such garments probably were worn as turbans but we do not understand exactly how. For the purpose of display, the plain central section of this example has been folded to form a wide band, with the tabs arranged on either side.","Peru, North Coast, Chimú style",,"1485–1640 (radiocarbon date, 95.4% probability)",,Textiles,Garment,Garment,,,,,"Cotton; plain weave, brocaded and complex alternating gauze with 5 shots of plain weave between gauze shots",,,,,complementario,mantener,aceptar_secundario,mantener,,candidate,revision_manual_cma_v2,cc0,share_license_status=CC0,,parcial,sin_anotar,util,,,6a6039e2fd97c4310a6dc538318c9882e69db1058d48c191ace50230a5de3207,9333331353333333,417,900,north coast; peru,cotton; garment,Chimu textile; North Coast textile; Peru textile,data/metadata/cma_corpus_secundario_revisado.csv,
CMA:164423,CMA,164423,2005.5.4,Cleveland Museum of Art,https://clevelandart.org/art/2005.5.4,https://openaccess-cdn.clevelandart.org/2005.5.4/2005.5.4_web.jpg,,data/images/cma/164423.jpg,Padded Hat,,"This garment may have been found with others in the collection that formed a matched set worn by a noble of the Chimú, who rose to power on Peru’s north coast after 1000 AD.","Peru, North Coast, Chimú style, 1200-1460s",,"1460–1625 (radiocarbon date, 95.4% probability)",,Textiles,Garment,Garment,,,,,"cotton; plain weave, brocaded",,,,,complementario,mantener,aceptar_secundario,mantener,,candidate,revision_manual_cma_v2,cc0,share_license_status=CC0,,parcial,sin_anotar,util,,,beb120b0ed045af2fb3c5db0a6b8b4d194ae72c4f8a545a6bb7361d791d75cb8,868686b9bb3b3b3b,382,900,north coast; peru,cotton; garment,Chimu textile; North Coast textile; Peru textile,data/metadata/cma_corpus_secundario_revisado.csv,
CMA:164428,CMA,164428,2005.53,Cleveland Museum of Art,https://clevelandart.org/art/2005.53,https://openaccess-cdn.clevelandart.org/2005.53/2005.53_web.jpg,,data/images/cma/164428.jpg,Tunic Fragments with Bird-Headed Creature,,"The bird-headed creature in profile that repeats in each of this tunic's design fields gazes upward, holds a staff of authority in front of its body, and wears an ornate headdress behind which a three-feathered wing can be seen. The extremely high technical quality of such tunics suggests that the Wari reserved bird imagery for their most exalted rulers. Here, the original incorporated more than twice as much yarn as the routine--some 19 miles, all handmade and much dyed an inky, dark blue, the most prestigious of Wari colors.","Central Andes, Middle Horizon, Wari, 6th-11th century",,600–1000,,Textiles,Textile,Textile,,,,,"Camelid fiber, cotton; tapestry weave",,,,,principal,mantener,aceptar_principal,mantener,,candidate,revision_manual_cma_v2,cc0,share_license_status=CC0,,parcial,sin_anotar,util,,,66f069807670a192f2f024c137fd0e1e258e6ea0dbc2fb39cc27802b927f84ba,9ec4ecac8eca888a,900,750,andes; wari,camelid; cotton; fiber; textile; tunic,Andes textile; Wari textile,data/metadata/cma_corpus_principal_revisado.csv,
CMA:164429,CMA,164429,2005.53.a,Cleveland Museum of Art,https://clevelandart.org/art/2005.53.a,https://openaccess-cdn.clevelandart.org/2005.53.a/2005.53.a_web.jpg,,data/images/cma/164429.jpg,Half of a Sleeved Tunic,,"The bird-headed creature in profile that repeats in each of this tunic's design fields gazes upward, holds a staff of authority in front of its body, and wears an ornate headdress behind which a three-feathered wing can be seen. The extremely high technical quality of such tunics suggests that the Wari reserved bird imagery for their most exalted rulers. Here, the original incorporated more than twice as much yarn as the routine--some 19 miles, all handmade and much dyed an inky, dark blue, the most prestigious of Wari colors.","Central Andes, Middle Horizon, Wari, 6th-11th century",,c. 500–1000,,Textiles,Textile,Textile,,,,,single-interlocked tapestry; cotton warp; camelid fiber weft,,,,,principal,mantener,aceptar_principal,mantener,,candidate,revision_manual_cma_v2,cc0,share_license_status=CC0,,parcial,sin_anotar,util,,,1d1a710b1547ecbc9db508d4c70c275f6111c8447c5a1399d03f3bead69ab622,adadacacacacacac,539,900,andes; wari,camelid; cotton; fiber; textile; tunic,Andes textile; Wari textile,data/metadata/cma_corpus_principal_revisado.csv,
CMA:164430,CMA,164430,2005.53.b,Cleveland Museum of Art,https://clevelandart.org/art/2005.53.b,https://openaccess-cdn.clevelandart.org/2005.53.b/2005.53.b_web.jpg,,data/images/cma/164430.jpg,Half of a Sleeved Tunic,,"The bird-headed creature in profile that repeats in each of this tunic's design fields gazes upward, holds a staff of authority in front of its body, and wears an ornate headdress behind which a three-feathered wing can be seen. The extremely high technical quality of such tunics suggests that the Wari reserved bird imagery for their most exalted rulers. Here, the original incorporated more than twice as much yarn as the routine--some 19 miles, all handmade and much dyed an inky, dark blue, the most prestigious of Wari colors.","Central Andes, Middle Horizon, Wari, 6th-11th century",,c. 500–1000,,Textiles,Textile,Textile,,,,,single-interlocked tapestry; cotton warp; camelid fiber weft,,,,,principal,mantener,aceptar_principal,mantener,,candidate,revision_manual_cma_v2,cc0,share_license_status=CC0,,parcial,sin_anotar,util,,,a07dd89d16e16340f0f54c867e2c247fc5b67f6531bcebdd89c70385726fe09a,4a4a4a4a4a4a4a4a,543,900,andes; wari,camelid; cotton; fiber; textile; tunic,Andes textile; Wari textile,data/metadata/cma_corpus_principal_revisado.csv,
CMA:165184,CMA,165184,2007.179,Cleveland Museum of Art,https://clevelandart.org/art/2007.179,https://openaccess-cdn.clevelandart.org/2007.179/2007.179_web.jpg,,data/images/cma/165184.jpg,Tunic with Sacrificer,,"An extremely abstract supernatural sacrifice repeats in different colors and orientations across the body of this tunic, which was shortened on one side in antiquity. Look for the toothy black-and-white mouth in the sacrificer's upward-gazing head; other facial features include a button nose and a vertically divided eye. The figure holds the L-shaped haft of an axe behind its back and, at the front of its body, a short staff with a severed, upside-down human head on the top.","South America, Peru, Central Andes, Middle Horizon, Wari people, 7th-11th century",,600–1000,,Textiles,Textile,Textile,,,,,"camelid-fiber, cotton; tapestry weave",,,,,principal,mantener,aceptar_principal,mantener,,candidate,revision_manual_cma_v2,cc0,share_license_status=CC0,,parcial,sin_anotar,util,,,f2558f278ee7657c05fc3e5015219a4036b5694226ae9fb9e106d70f722636a1,55d5555555555454,915,893,andes; peru; wari,camelid; cotton; fiber; textile; tunic,Andes textile; Peru textile; Wari textile,data/metadata/cma_corpus_principal_revisado.csv,
CMA:165266,CMA,165266,2007.2,Cleveland Museum of Art,https://clevelandart.org/art/2007.2,https://openaccess-cdn.clevelandart.org/2007.2/2007.2_web.jpg,,data/images/cma/165266.jpg,Textile Fragments,,"These fragments are rare survivors of catastrophic rains that destroyed much of the Moche textile legacy and may have helped to bring about the decline of Moche culture. Each depicts a serpent and a snail beneath a hovering raptorial bird—perhaps a snail kite, a type of hawk named after its favored food. The size of the motifs implies that the original textile was large; a mantle (a shawl-like garment) or a hanging are among the possibilities.","Peru, Moche, north coast",,c. 50–650 CE,,Textiles,Textile,Textile,,,,,cotton and camelid fiber,,,,,principal,mantener,aceptar_principal,mantener,,candidate,revision_manual_cma_v2,cc0,share_license_status=CC0,,parcial,sin_anotar,util,Comparte imagen con CMA:165267.,DUP-004,c9db7a0bcef53a510d8eeaea447f819a17c8f1a1912afee33073c1d6c10115e1,eccce8f0d4d8d8ea,606,900,moche; north coast; peru,camelid; cotton; fiber; garment; mantle; textile,Moche textile; North Coast textile; Peru textile,data/metadata/cma_corpus_principal_revisado.csv,
CMA:165267,CMA,165267,2007.2.1,Cleveland Museum of Art,https://clevelandart.org/art/2007.2.1,https://openaccess-cdn.clevelandart.org/2007.2.1/2007.2.1_web.jpg,,data/images/cma/165267.jpg,Textile Fragment,,"This fragment, one of several in the collection, is a rare survivor of catastrophic rains that destroyed much of the Moche textile legacy and may have helped to bring about the decline of Moche culture. It depicts a serpent and a snail beneath a hovering raptorial bird—perhaps a snail kite, a type of hawk named after its favored food. The size of the motifs implies that the original textile was large; a mantle (a shawl-like garment) or a hanging are among the possibilities.","Peru, Moche, north coast",,c. 50–650 CE,,Textiles,Textile,Textile,,,,,cotton and camelid fiber,,,,,principal,mantener,aceptar_principal,mantener,,candidate,revision_manual_cma_v2,cc0,share_license_status=CC0,,parcial,sin_anotar,util,Comparte imagen con CMA:165266.,DUP-004,6dfbd8304a13d947e79002e9c94a838b4233f7b80461fac24b53c4ca680685c1,eccce8f0d4d8d8ea,606,900,moche; north coast; peru,camelid; cotton; fiber; garment; mantle; textile,Moche textile; North Coast textile; Peru textile,data/metadata/cma_corpus_principal_revisado.csv,
CMA:165268,CMA,165268,2007.2.2,Cleveland Museum of Art,https://clevelandart.org/art/2007.2.2,https://openaccess-cdn.clevelandart.org/2007.2.2/2007.2.2_web.jpg,,data/images/cma/165268.jpg,Textile Fragment,,"This fragment, one of several in the collection, is a rare survivor of catastrophic rains that destroyed much of the Moche textile legacy and may have helped to bring about the decline of Moche culture. It depicts a serpent and a snail beneath a hovering raptorial bird—perhaps a snail kite, a type of hawk named after its favored food. The size of the motifs implies that the original textile was large; a mantle (a shawl-like garment) or a hanging are among the possibilities.","Peru, Moche, north coast",,c. 50–650 CE,,Textiles,Textile,Textile,,,,,cotton and camelid fiber,,,,,principal,mantener,aceptar_principal,mantener,,candidate,revision_manual_cma_v2,cc0,share_license_status=CC0,,parcial,sin_anotar,util,,,7bacf138eeb562fa3514b90f3e0895d68bd83c662e60bdd4669596ff040ead85,dcccc8f8b4b0a1cb,633,900,moche; north coast; peru,camelid; cotton; fiber; garment; mantle; textile,Moche textile; North Coast textile; Peru textile,data/metadata/cma_corpus_principal_revisado.csv,
CMA:165269,CMA,165269,2007.2.3,Cleveland Museum of Art,https://clevelandart.org/art/2007.2.3,https://openaccess-cdn.clevelandart.org/2007.2.3/2007.2.3_web.jpg,,data/images/cma/165269.jpg,Textile Fragment,,"This fragment, one of several in the collection, is a rare survivor of catastrophic rains that destroyed much of the Moche textile legacy and may have helped to bring about the decline of Moche culture. It depicts a serpent and a snail beneath a hovering raptorial bird—perhaps a snail kite, a type of hawk named after its favored food. The size of the motifs implies that the original textile was large; a mantle (a shawl-like garment) or a hanging are among the possibilities.","Peru, Moche, north coast",,c. 50–650 CE,,Textiles,Textile,Textile,,,,,cotton and camelid fiber,,,,,principal,mantener,aceptar_principal,mantener,,candidate,revision_manual_cma_v2,cc0,share_license_status=CC0,,parcial,sin_anotar,util,,,66f4a98d1252319d2860b24902d4726f722e67a44cb82b5ff1a260f24c199bfa,a0a0c8e99491d9e8,688,900,moche; north coast; peru,camelid; cotton; fiber; garment; mantle; textile,Moche textile; North Coast textile; Peru textile,data/metadata/cma_corpus_principal_revisado.csv,
CMA:166766,CMA,166766,2008.58,Cleveland Museum of Art,https://clevelandart.org/art/2008.58,https://openaccess-cdn.clevelandart.org/2008.58/2008.58_web.jpg,,data/images/cma/166766.jpg,Loincloth with Feather(?) Motifs,,,"Peru, Central Andes, Chimú or Chimú-Inka, 11th-16th century",,1000–1532,,Textiles,Textile,Textile,,,,,"plain weave, tapestry weave; cotton, camelid fiber",,,,,principal,mantener,aceptar_principal,mantener,,candidate,revision_manual_cma_v2,cc0,share_license_status=CC0,,parcial,sin_anotar,util,,,eedd6547e66bf8f737d7fa3ed405832282e166c5f5c3daba55b4b17d6fc70195,9eaeeac2cacacade,768,893,andes; peru,camelid; cotton; fiber; textile,Andes textile; Chimu textile; Peru textile,data/metadata/cma_corpus_principal_revisado.csv,
CMA:169189,CMA,169189,2011.111.1,Cleveland Museum of Art,https://clevelandart.org/art/2011.111.1,https://openaccess-cdn.clevelandart.org/2011.111.1/2011.111.1_web.jpg,,data/images/cma/169189.jpg,Tunic,,"This garment embodies an important principle of the Chimú textile aesthetic: a love of combining different textures, some dense and sculptural and others so open and airy they are nearly invisible. (The hand-spun yarns are only .1 to .2 millimeters in diameter.) It also elegantly articulates the simplified, spare visual vocabulary that the Chimú favored, here geometric motifs.","Peru, Chimú or Chimú-Inka, 12th-16th century",,1100–1532,,Textiles,Textile,Textile,,,,,white cotton; plain weave with supplementary weft brocading,,,,,principal,mantener,aceptar_principal,mantener,,candidate,revision_manual_cma_v2,cc0,share_license_status=CC0,,parcial,sin_anotar,util,,,0a9b576c0584f69c0d1cd9c86f2c054e4adf037202bbb6c3eb2f6b660382a770,5313171717171713,900,375,peru,cotton; garment; textile; tunic,Chimu textile; Peru textile,data/metadata/cma_corpus_principal_revisado.csv,
CMA:292530,CMA,292530,2016.267,Cleveland Museum of Art,https://clevelandart.org/art/2016.267,https://openaccess-cdn.clevelandart.org/2016.267/2016.267_web.jpg,,data/images/cma/292530.jpg,Tunic with Frontal Figures,,"This tunic was made by weavers of the Ychsma (<strong><em>yeach</em></strong><em>-mah</em>) people, who were affiliated with Pachacamac, a vast religious center that housed an oracle. The figures repeated across its composition may represent important ancestors or high-ranking members of society. The tunic likely dates to the period after the Inka Empire conquered Ychsma coastal territory, eventually becoming the largest Indigenous empire to have existed in the ancient Americas.","Central Andes, Central Coast, Ychsma (Pachacamac) people",,1400–1532,,Textiles,Textile,Textile,,,,,Cotton; slit tapestry weave,,,,,principal,mantener,aceptar_principal,mantener,,candidate,revision_manual_cma_v2,cc0,share_license_status=CC0,,parcial,sin_anotar,util,,,fcf80b339489ff5a3400e55e787674349a65f60700a677a91a60f9bef3ec1b94,0f1cb2529a9a9a0f,900,592,andes,cotton; textile; tunic,Andes textile,data/metadata/cma_corpus_principal_revisado.csv,
CMA:302272,CMA,302272,2017.193,Cleveland Museum of Art,https://clevelandart.org/art/2017.193,https://openaccess-cdn.clevelandart.org/2017.193/2017.193_web.jpg,,data/images/cma/302272.jpg,Sleeved Tunic,,"The Chancay (<strong><em>chan</em></strong><em>-kai</em>) people of Peru’s central coast created one of the ancient Andes’s best-known textile legacies through artistically elaborate men’s tunics and loin cloths, women’s dresses and headcloths, and shawl-like mantles. Two traits indicate that this tunic is a high-prestige garment: its labor-intensive tapestry-woven technique and its substantial use of alpaca fiber imported from the adjacent highlands.","Central Andes, central coast, Chancay people",,1460s–1532,,Textiles,Textile,Textile,,,,,"Cotton, camelid fiber",,,,,principal,mantener,aceptar_principal,mantener,,candidate,revision_manual_cma_v2,cc0,share_license_status=CC0,,parcial,sin_anotar,util,,,99d20c8bfa487722ce9e327d8efede0dc2abef4ff724d92fff186aa8f670f489,f88a82d8c8cc3ca2,900,342,andes; chancay; peru,camelid; cotton; fiber; garment; textile; tunic; woven,Andes textile; Chancay textile; Peru textile,data/metadata/cma_corpus_principal_revisado.csv,
